,Datetime,Favorites,Text
0,2020-06-08 23:58:05+00:00,42,"We'll start with this: NO #BlackLivesMatter until #AllBlackLivesMatter. Including conservatives, police officers, and those you happen to disagree with. This is non-negotiable. You can't demand respect from others until you demand it from yourself."
1,2020-06-08 23:57:25+00:00,7,Even with the weather and fewer numbers. Laramie is standing strong. #BlackLivesMatter 
2,2020-06-08 23:55:19+00:00,362921,I like this .. #BlackLivesMatter 
3,2020-06-08 23:55:18+00:00,2443,"do not stop now! keep supporting the movement, keep using your voice! keep educating yourself, keep signing petitions, keep spreading awareness! This is not over yet. we need to continue to make a long term impact. #BlackLivesMatter"
4,2020-06-08 23:47:01+00:00,3,"Show up & help us send the message, “Burrillville stands against racism and with #blacklivesmatter” "
5,2020-06-08 23:38:44+00:00,496,"If you see this piece, take a pic with it for me #BlackLivesMatter Downtown Oakland "
6,2020-06-08 23:27:52+00:00,10,"I believe #blacklivesmatter. I believe in peaceful protests. I believe in law &amp; order. I believe disrespecting the American Flag is wrong. I believe we can have different opinions. I believe in #freedom. -Proud Asian-American, daughter of surviving #KhmerRouge refugees "
7,2020-06-08 23:20:07+00:00,629,Yep. This happened. #BlackLivesMatter 
8,2020-06-08 23:18:39+00:00,3,#BREAKING: ** GAGGED DEMOCRATS LOOK DOWN IN SHAME WHILE PONDERING THE RACIST HISTORY OF THE DEMOCRATIC PARTY ** #BlackLivesMatter #DeclareTheKKK
9,2020-06-08 23:14:56+00:00,260,"Black immigrants lead 1st protest for #BlackLivesMatter inside detention. Listen to their message against a system that kills, incarcerates, and detains Black lives. @GavinNewsom end ICE transfers, increase clemencies, &amp; stop ICE expansion. #FreeThemAll"
10,2020-06-08 23:12:28+00:00,797,BREAKING: Billionaire who is profiting off of small businesses being destroyed loves #BlackLivesMatter. 
11,2020-06-08 23:01:56+00:00,140,"effective immediately, duke psychology clinic @DukePsychNeuro will refer patients experiencing a psychiatric emergency to contact mobile crisis services (800-510-9132) instead of 911. #BlackLivesMatter"
12,2020-06-08 23:00:00+00:00,88,"Words without action are void. The resources below can be used for educating yourself on social justice issues, learning how to help those leading the effort toward change, amplifying the voices around you & how you can be apart of this change. #NERevs | #BlackLivesMatter"
13,2020-06-08 22:52:05+00:00,1,"Do you really believe people are stupid enough to believe ""defund the police"" is synonymous with ""abolish the police""? Police Unions have protected corrupt cops for decades. The only way to bust up the union is to fire all cops and re-hire only the good ones. #BlackLivesMatter "
14,2020-06-08 22:51:54+00:00,5,"Hey Dems, What happened to stay at home orders to not spread the virus? @AOC you are FOS and you know it #AllLivesMatter #blacklivesmatter "
15,2020-06-08 22:36:54+00:00,5,I stand with you. I will be better #blacklivesmatter 
16,2020-06-08 22:26:01+00:00,228,Oceanside 6.07.20 #BlackLivesMatter #BLM
17,2020-06-08 22:22:58+00:00,32,The Reunion. Powerful image by my friend Caliban #blacklivesmatter 
18,2020-06-08 22:16:57+00:00,689,"As part of our pledge to take meaningful action in solidarity with #BlackLivesMatter, TCM is amplifying the work of Black voices. Here is a list of the steps we are taking, and the films we are airing to showcase different aspects of Black life: https://bit.ly/2YcVr9D"
19,2020-06-08 22:12:12+00:00,45,JAVIER AMBLER SAY HIS NAME #BlackLivesMatter 
20,2020-06-08 23:56:37+00:00,1117,UK white supremacist Tommy Robinson is upset that white supremacist statues are being removed. So he and other white supremacists plan on going to London this Saturday to show the #BlackLivesMatter protesters he wants all the smoke #okay 
21,2020-06-08 23:52:51+00:00,300,"While Trump and his far-Right followers push disinformation about antifascists, the people who they oppose are attempting to murder #BlackLivesMatter protesters. Yesterday, a KKK leader who attended Unite the Right drove into demonstrators in Virgina. "
22,2020-06-08 23:45:17+00:00,6,Selling paintings or custom sneakers to support #BlackLivesMatter Please DM if you would be interested. 
23,2020-06-08 23:39:50+00:00,3,On behalf of all the #BlackLivesMatter protesters I would like to say Fuck the #NHS
24,2020-06-08 23:35:03+00:00,6,No let's talk about this bullshit Tell me where the justices in this situation where are the #BlackLivesMatter protesters and the rioters and the looters and this and that or is this not good enough for you because it was black on black crime and there was no white man involved pic.twitter.com/b6GXMcAlb4
25,2020-06-08 23:32:20+00:00,2103,"This is a perfect time for more major corporations to offer tangible benefits or services exclusively to Black Americans, to show solidarity in the fight against systematic anti-Black racism. (retweet if you agree) #BlackLivesMatter"
26,2020-06-08 23:30:43+00:00,10,Don’t forget to apply pressure. #BlackLivesMatter 
27,2020-06-08 23:20:23+00:00,38,I’m support #BlackLivesMatter Hopeful they will win and get better equal life for the future! 
28,2020-06-08 23:18:33+00:00,2,Posted to Facebook by Jim Montgomery #queerdisabledfarmers #BlackLivesMatter 
29,2020-06-08 23:16:48+00:00,586,"One of the best players in college football, but more importantly, a fighter for justice. @HollywoodVon is changing history. Keep speaking out, Jevon. We salute you. #BlackLivesMatter #GoDucks "
30,2020-06-08 23:13:25+00:00,41,"We see you, we hear you, and we are with you. #BlackLivesMatter "
31,2020-06-08 23:11:20+00:00,437,#BlackLivesMatter. Facts don’t! 
32,2020-06-08 23:09:46+00:00,112,Justice for Shukri Abdi. A child. A CHILD. Bullied mercilessly. Do NOT forget her name. Fight for her. #JusticeForShukriAbdi #BlackLivesMatter 
33,2020-06-08 23:06:00+00:00,224,More photos from skateboarders for #BlackLivesMatter yesterday in Philly. 
34,2020-06-08 23:05:19+00:00,1358,"I often learn so much about a message in English by translating it and translating it back. #BlackLivesMatter into #ASL then translated back is ""Black life is precious."" Into #Protactile and back: ""Black life: Hold against heart and don't ever, ever, ever let go."""
35,2020-06-08 22:51:30+00:00,0,In which image is humanity seen? #BlackLivesMatter 
36,2020-06-08 22:49:33+00:00,11240,#BlackLivesMatter: The. Youth. Will. Lead. The. Way. 
37,2020-06-08 22:46:05+00:00,1969,Today I was in the Pilsen neighborhood in Chicago and some local artists created some amazing #BlackLivesMatter street art. So fucking beautiful pic.twitter.com/oo3dQeM0aA
38,2020-06-08 22:09:14+00:00,6443,Plot twist #solidaritea #BlackLivesMatter 
39,2020-06-08 22:06:58+00:00,4,We must keep going. #BlackLivesMatter 
40,2020-06-08 23:52:33+00:00,81,BE THE CHANGE #BlackLivesMatter 
41,2020-06-08 23:52:01+00:00,7,Justice for Javier Ambler - Sign the Petition! #BlackLivesMatter #BlackLivesMatterTX #BLM
42,2020-06-08 23:48:52+00:00,21,He's sacrificed his career for the black community!! now that's love. #BLK #BlackLivesMatter 
43,2020-06-08 23:38:19+00:00,43,Have you heard about the Act Up leader cops beat the shit out of outside the Stonewall Inn? THIS year. They cracked his skull and broke his arm. How about the #queer bars cops around the US are terrorizing? #BlackLivesMatter! Stop killing black people! https://medium.com/james-finn/cops-terrorize-lgbtq-people-helping-blm-protestors-30637c544f65?source=friends_link&amp;sk=9ffbf7ad9899f2494e54dc2f9e4103e8
44,2020-06-08 23:34:41+00:00,18,Black Lives Matter All Day EVERY DAY #BlackLivesMatter #blm
45,2020-06-08 23:33:49+00:00,554,"When two tea companies do more to unite the country against racism in two hours than successive Tory governments have done in 10 years, you know we are through the looking glass #BlackLivesMatter #solidaritea"
46,2020-06-08 23:31:39+00:00,26,THERE ARE BLACK PEOPLE IN THE FUTURE #BlackLivesMatter #afrofuturism
47,2020-06-08 23:19:56+00:00,0,Against police brutality! #BlackLivesMatter 
48,2020-06-08 23:19:33+00:00,1763,"Happening NOW in Manhattan, NY. Cyclists for #BlackLivesMatter heading from Union Square chanting, ""What do we want? JUSTICE! When do we want it? NOW!"" "
49,2020-06-08 23:18:52+00:00,7,Keishanay's life mattered. #SayHerName #BlackLivesMatter #FlyoverORIGINAL
50,2020-06-08 23:12:45+00:00,41,Spiderman joined the protest in New York City #BlackLivesMatter 
51,2020-06-08 23:09:01+00:00,3,Victoria Park Leicester. Peaceful protest #BlackLivesMatter #TakeAKnee #NoJusticeNoPeace
52,2020-06-08 23:06:11+00:00,76,"Protest in Quaraí, RS, Brazil. A small, frontier city with 25k inhabitants! This was organized mainly by teenagers!!! #BlackLivesMatter #VidasNegrasImportam"
53,2020-06-08 23:01:24+00:00,51815,"Black lives matter. #AllLivesMatter don't until black lives do. If you have a problem with that, expect us. #BlackLivesMatter #Anonymous Get ready #MAGA"
54,2020-06-08 22:41:50+00:00,8,"If you got unfriended or unfollowed on social media and came here creepin on my Twitter to see what’s up, here’s your answer. #blacklivesmatter "
55,2020-06-08 22:21:11+00:00,14,"March with the students of OSU next Friday, Juneteenth! #OkstateStandUnited #BlackLivesMatter #icantbreathe"
56,2020-06-08 22:18:12+00:00,3832,"“Monkey” “Ape” “Ugly activist b*tch” “N*gger” All of those names racists called me affected me for too long. Then one day I realized, my skin isn’t “bad” it’s beautifully melanated, I’m a WARRIOR activist who’s been doing this since age 13. I belong here too. #blacklivesmatter "
57,2020-06-08 22:03:29+00:00,1773,Tamir Rice would’ve been 18 this year. #BlackLivesMatter 
58,2020-06-08 21:57:12+00:00,20,"""While I was marching""... . . . #blacklivesmatter #protests2020 #Peace ..."
59,2020-06-08 21:54:42+00:00,135,Sal and Lamon at the LA protest yesterday! #BlackLivesMatter #Elani #Days
60,2020-06-08 23:47:31+00:00,1,IS THIS REALLY THE WORLD WE LIVE IN!!!!???? #BlackLivesMatter 
61,2020-06-08 23:28:53+00:00,0,The absolute audacity of some people this girl needs to shut up #BlackLivesMatter 
62,2020-06-08 23:25:57+00:00,104,"Tell your ally friends this is what justice for black people looks like. Eff all that other nonsense! This doesn't matter if you're a man, woman, trans or whatever #BlackLivesMatter #ReparationsNow"
63,2020-06-08 23:22:29+00:00,0,pls don't forget to recharge! #BlackLivesMatter 
64,2020-06-08 23:21:05+00:00,42,Some photos from a couple of powerful protests this week in Southern California #BlackLivesMatter 
65,2020-06-08 23:20:05+00:00,1,Does anyone know if this girl is safe??? #BlackLivesMatter #protests2020
66,2020-06-08 23:19:25+00:00,12,"#BlackLivesMatter Danroy “DJ” Henry, a college student at Pace University, was killed by police in New York in 2010 after he was leaving a bar celebrating homecoming. New York officer Aaron Hess who shot him through his car is still walking around free till this day. "
67,2020-06-08 23:09:28+00:00,4,Say their names. #BlackLivesMatter 
68,2020-06-08 23:00:30+00:00,492,Which side of history will you be on? #BlackLivesMatter 
69,2020-06-08 22:55:10+00:00,1671,"Colorado is poised to do in 6 days what we couldn’t do in 6 years—end qualified immunity for peace officers (and pass a host of other truly meaningful accountability measures) via SB20-217, Law Enforcement Integrity Act. PROTEST WORKS. #BlackLivesMatter! #TrustBlackWomen #SB217"
70,2020-06-08 22:41:06+00:00,8,"I'm watching #HIStory3Trapped and this came up, and I think it's perfect for #BlackLivesMatter the world is colourful, and it should stay that way! "
71,2020-06-08 22:34:52+00:00,259,"Okay, got inspired by #ComicWritersChallenge - I’m auctioning off this 9x12 original ink drawing by @heyjenbartel. Ends this Friday, June 12 at 8PM EST. Winning donation will go to #Blacklivesmatter. Bid thread below! "
72,2020-06-08 22:19:53+00:00,6,If We don’t stand together we will Fall separated....Pardon my behavior... BLACK LIVES MATTER!!!!!!!! #blacklivesmatter #donate #buyashirtandmakeadifference
73,2020-06-08 22:15:48+00:00,283,Estill County. #BlackLivesMatter rally. Kentucky is rising up from every hill and holler. 
74,2020-06-08 22:07:08+00:00,354,"To be perfectly clear, when I say #DefundThePolice I mean “defund the police” #BlackLivesMatter"
75,2020-06-08 22:04:46+00:00,48,"Beautiful #solidarity video from #Palestine, affirming their support for #BlackLivesMatter. #GeorgeFloyd #DefundThePolice"
76,2020-06-08 22:02:05+00:00,13,Kipp teachers stand together! #Change #BlackLivesMatter #KIPPforBLM 
77,2020-06-08 21:54:04+00:00,786,The time is now to examine the ways the #BlackLivesMatter movement and environmentalism are linked 
78,2020-06-08 21:53:00+00:00,3288,Boris Johnson on Africa. #BlackLivesMatter 
79,2020-06-08 21:51:25+00:00,698,"Boris Johnson on Britain and Africa, written in 2002: #BlackLivesMatter "
80,2020-06-08 23:22:28+00:00,3,Been saying this for years #BlackLivesMatter 
81,2020-06-08 23:19:36+00:00,4,"These were 2 of my closest friends my sophmore year. Notice our skin colors are not the same, but we are still hand in hand. That is because I was taught to treat everyone equally. Color or not to the skin. We are equal. #blacklivesmatter "
82,2020-06-08 23:18:49+00:00,6,"#BlackLivesMatter. Visit https://buff.ly/3dlUUIL to learn how to donate, sign petitions and protest safely. Itunes- https://buff.ly/3cjAa3p"
83,2020-06-08 23:16:16+00:00,10,A #BlackLivesMatter March starts in downtown Moberly. 
84,2020-06-08 23:07:15+00:00,166,What's worse? That he believed this or that he felt free to say it? Disgusting. #BlackLivesMatter #racism
85,2020-06-08 22:50:19+00:00,1,#BlackLivesMatter : The. Youth. Will. Lead. The. Way. 
86,2020-06-08 22:45:59+00:00,5,How Hawai’i does it. #BlackLivesMatter #LiveAloha – at Ala Moana Beach Park
87,2020-06-08 22:13:50+00:00,26,Hey influencers! This is how you hold brands accountable. #BlackLivesMatter 
88,2020-06-08 21:44:53+00:00,31,Best poster I’ve seen on #BlackLivesMatter - for those of us who believe we’re not racist. 
89,2020-06-08 21:38:52+00:00,492,It's come to something when @PGtips and @YorkshireTea can openly support #BlackLivesMatter on twitter but the ruling party of government cannot. #solidaritea
90,2020-06-08 21:37:34+00:00,10,Yoda Supports #BlackLivesMatter #BLM so you should too
91,2020-06-08 21:37:23+00:00,13361,#Blacklivesmatter in Alaska. Wow 
92,2020-06-08 21:37:16+00:00,715,This view of the protests in Seattle is just incredible. #BlackLivesMatter 
93,2020-06-08 21:35:42+00:00,10,Did you protest recently? Go get a COVID test. I’m headed to get one now. Free DC testing sites- ps #BlackLivesMatter #dcprotest
94,2020-06-08 21:33:10+00:00,115,Billie Eilish being radical as fuck at a #BlackLivesMatter protest pic.twitter.com/gA1BOa9bvT
95,2020-06-08 21:31:21+00:00,1181,Our powerful documentary RISE UP is airing tonight on @HISTORY at 9PM Will you be watching? #BlackLivesMatter 
96,2020-06-08 21:31:20+00:00,429,"VIDEO: After the horrific death of #GeorgeFloyd, we look at the cold facts: How often do #police kill people during arrests? How often are the victims African-American? How often are the African-American victims unarmed? And how large a threat to #BlackLivesMatter are the police? "
97,2020-06-08 21:29:39+00:00,6,This book has never resounded so loudly #BlackTwitter #blm #blacklivesmatter #newjimcrow #barefootmen #FOOTFETİSH #blackmen #malefoot pic.twitter.com/udLVz61Xlu
98,2020-06-08 21:27:38+00:00,9,This Sunday!! #ChicagoProtests #BlackLivesMatter #ChicagoProtestJune14th
99,2020-06-08 21:25:57+00:00,1113,"#BlackLivesMatter solidarity protest Port of Spain, Trinidad &amp; Tobago "
100,2020-06-08 23:08:46+00:00,0,Justice for #DarrienHunt #BlackLivesMatter #BlackLivesMatter 
101,2020-06-08 23:05:41+00:00,561,GEORGE FLOYD CRIMINAL HISTORY REVEALED! Horrific crimes. Not to mention multiple charges of possession and transporting cocaine - DRUG DEALER! Subscribe - https://bit.ly/Subscribe-to-Phil https://youtu.be/eUQUGEQW-3A #blacklivesmatter #GeorgeFloyd #BLM #mondaythoughts #repost #2MforBLM
102,2020-06-08 22:37:07+00:00,0,Omg. Horrible. #EndPoliceBrutality #blacklivesmatter
103,2020-06-08 22:05:11+00:00,0,#BlackLivesMatter I am proud to serve!!! 
104,2020-06-08 21:58:39+00:00,403,#blacklivesmatter oil on canvas paintings 
105,2020-06-08 21:55:46+00:00,44,"Together we stand in silence to remember & to listen. Together we call you to join us developing actions & solutions. Together we will fight to end racism, discrimination and police brutality against black lives. #BlackLivesMatter #AntiRacism #WhiteCoatsForBlackLives"
106,2020-06-08 21:40:03+00:00,1,What do you all think #blacklivesmatter 
107,2020-06-08 21:29:01+00:00,82,"“We are the ones we have been waiting for.” - Alice Walker ~ Orange County. June 8, 2020. #blacklivesmatter "
108,2020-06-08 21:27:56+00:00,83,"Surprise! Virginia man, Harry H. Rogers, who plowed his truck into a #BlackLivesMatter crowd in Richmond, is the head of the state’s Ku Klux Klan. Trump's fine people. https://www.rawstory.com/2020/06/virginia-man-who-plowed-his-truck-into-black-lives-matter-crowd-is-the-head-of-the-states-ku-klux-klan/"
109,2020-06-08 21:18:41+00:00,914,"NEW: Investigation launched after Black man dies in UK police custody. Meanwhile, #BlackLivesMatter protests are taking place across the country. "
110,2020-06-08 21:18:15+00:00,12736,"The only times that @JoeBiden has left the house during #COVID have been to honor veterans, to attend a #BlackLivesMatter event, and to attend a meeting with the family of #georgefloyd. He hasn’t blasted people with tear gas, held an upside down Bible, or played golf. #JoeBiden"
111,2020-06-08 21:17:41+00:00,98,Not sure how to talk about anti-Black racism? Wondering how to combat it in your workplace or union? Join us for an important webinar you won't want to miss. Register now: https://us02web.zoom.us/webinar/register/WN_OqdsNbuPRKyImUShENmL1w #canlab #cdnpoli #BlackLivesMatter 
112,2020-06-08 21:17:35+00:00,121,I was in charge of the quote to open today's staff meeting. This is what I shared. #BlackLivesMatter 
113,2020-06-08 21:17:34+00:00,10,heading to town #ithaca #twithaca #blacklivesmatter – at Grayhaven Motel
114,2020-06-08 21:17:18+00:00,4,BLM donation commission I received from @TheKibaMonster ♡ All lives can't matter until black lives matter!! #BlackLivesMatter 
115,2020-06-08 21:15:26+00:00,243,art example for my patrons #furry #BlackLivesMatter 
116,2020-06-08 21:15:04+00:00,3,Leadership #JusticeForTshegoPule #BlackLivesMatter #schoolreopening
117,2020-06-08 21:14:04+00:00,2,Next statue in line? Arch-Genocidist PM Harold Wilson - Biafra War Genocide &amp; Food blockage/ starvation. 9 million Biafrans Died. 1967-1970 #BlackLivesMatter https://www.google.com/amp/s/www.irishtimes.com/opinion/buried-for-50-years-britain-s-shameful-role-in-the-biafran-war-1.4146807%3Fmode%3Damp
118,2020-06-08 21:13:25+00:00,3,I was proud to attend two #blacklivesmatter rallies this weekend. One in #DownersGrove and one in #Wheaton. Justice should be equal under the law.
119,2020-06-08 21:08:40+00:00,2072,And what have you learnt? why haven't you implemented the lessons learnt review? why hide all the recommendations. crocodile words will not wash Home Secretary!! #BlackLivesMatter 
120,2020-06-08 21:02:39+00:00,3613,"I challenged the Home Secretary to act on slave-owner statues and deaths of black people following police contact. Despite her warm words on peaceful protest earlier, her contempt is clear. No justice, no peace. #BlackLivesMatter "
121,2020-06-08 20:56:45+00:00,1824,"Leigh-Anne Pinnock is making a documentary for the BBC about racism, and has been seen at the #BlackLivesMatter protests filming for it already #LittleMix"
122,2020-06-08 20:55:18+00:00,7889,I’m not saying @TuckerCarlson is a racist (though plenty of white celebrities are); but I am saying his words &amp; actions certainly mirror racist rhetoric. It’s a time of reckoning for Black Americans &amp; if you’re not a racist #TuckerCarlson stop acting like one! #BlackLivesMatter
123,2020-06-08 20:54:18+00:00,6,"Photos from the #BlackLivesMatter protest in Freeport on Sunday, June 7, 2020. Local residents began at the Freeport LIRR train station and marched to the Freeport Nautical Mile and into Merrick. "
124,2020-06-08 20:50:20+00:00,5958,"No need to worry, Owen. You can drink us both guilt free #BlackLivesMatter"
125,2020-06-08 20:49:01+00:00,1647,"This Wednesday, June 10th we will join the call to #ShutDownSTEM! We urge all scientists and STEM workers to stop business as usual for a day to focus on actionable plans that work towards ending anti-Black racism. #Strike4BlackLives #BlackLivesMatter #ShutDownAcademia"
126,2020-06-08 20:46:08+00:00,5275,We see them. We’re with them #BlackLivesMatter
127,2020-06-08 20:40:35+00:00,1249,It costs $0 to RT this tweet & help a small black owned business to grow #BlackLivesMatter 
128,2020-06-08 20:40:29+00:00,1999,"Dexter Bristol a victim of the Windrush scandal. Dexter came to the UK at 8yrs old, and had no passport or documentation when being threatened with deportation and died from stress trying to prove his innocence. #TheUKIsNotInnocent #SayHisName #BlackLivesMatter "
129,2020-06-08 20:36:41+00:00,9657,"""It is understandable that people in Bristol have finally become exasperated with the years of debate on having a statue of a man whose wealth was founded on slavery - as Edward Colston's was - and have taken action"" Read my thoughts at https://www.facebook.com/notes/jeremy-corbyn/in-support-of-the-blacklivesmatter-movement/10158544053093872/ #BlackLivesMatter"
130,2020-06-08 20:35:10+00:00,12572,a thread to (hopefully) help teach you about Black issues :) #blacklivesmatter one. the roots of mass incarceration 
131,2020-06-08 20:31:45+00:00,26031,"Yeah it does suck, Pamela. If you are boycotting teas that stand against racism, you're going to have to find two new tea brands now. #blacklivesmatter #solidaritea"
132,2020-06-08 20:31:10+00:00,74,A 9-year-old Waunakee kid is standing on a busy street holding a #BlackLivesMatter sign to show his support of justice and equality. Strangers have joined him in the past few days. 
133,2020-06-08 20:29:08+00:00,4,We are making demands to Tracy officials while standing in solidarity with the #blacklivesmatter movement 
134,2020-06-08 20:28:48+00:00,644,A big day for our little town! #BlackLivesMatter 
135,2020-06-08 20:23:36+00:00,118,"Selling this gouache A5 painting on eBay, link in bio. Proceeds will go towards BLM through Actblue charities. Bid starts at €10, and ends in 5 days. #blacklivesmatter "
136,2020-06-08 20:20:38+00:00,69,"Protect the spec ops guy(s?) at all costs. Fuck it, protect everyone at all costs, #blacklivesmatter #specops #specopsguys pic.twitter.com/2Oqk6UoJzH"
137,2020-06-08 20:19:04+00:00,4,Sold out? Listen on Audible! #blacklivesmatter 
138,2020-06-08 20:18:12+00:00,2158,"Speaking of public records... Las Vegas authorities have finally released booking photos for Stephen Parshall, Andrew Lynam, and William Loomis. The three ""boogaloo bois"" were arrested on May 30 for allegedly planning to attack a #BlackLivesMatter rally. "
139,2020-06-08 20:17:48+00:00,666,"School is really important : Reading , writing , arithmetic but There should be a class on drugs , there should be a class on police brutality , there should be a class on APARTHEID, there should be a class on racism in America. ##blacklivesmatter "
140,2020-06-08 20:13:55+00:00,1678,"Joe Biden wrote the 1994 Crime Bill. Joe Biden wrote the Comprehensive Asset Forfeiture Bill. Joe Biden wrote the Patriot Act. Joe Biden is the father of police overreach in America. Don't vote for Joe Biden, because #BlackLivesMatter"
141,2020-06-08 20:11:43+00:00,432,he said what he said #blacklivesmatter 
142,2020-06-08 20:04:35+00:00,5775,He changed the world ⁣ ⁣ : queenbemonyei (IG)⁣ ⁣ #blacklivesmatter #georgefloyd #icantbreathe #justiceforgeorgefloyd #restinpower #BLM #endracism #justiceforfloyd
143,2020-06-08 20:02:55+00:00,15782,"When @BTS_twt donated $1 million to #BlackLivesMatter, #ARMY matched it– in a single day"
144,2020-06-08 20:00:25+00:00,73,Junie B Jones. And the B stands for #BLACKLIVESMATTER 
145,2020-06-08 19:54:35+00:00,98,"We ain't bitting. #TommyRobinson you can't fool us, we know you, understand your game, we ain't playing it. We aim to make change, not war. #BlackLivesMatterUK #blacklivesmatter "
146,2020-06-08 19:53:51+00:00,58,'Please' by Aminah Rahman #BlackLivesMatter 
147,2020-06-08 19:50:08+00:00,229,Pride 2020 says black lives matter. #PRIDE2020 #BlackLivesMatter #PrideMonth by @makedaisychains
148,2020-06-08 19:49:09+00:00,11,Some of the beautiful artwork on/near Lake Street in Uptown Minneapolis #BlackLivesMatter 
149,2020-06-08 19:47:48+00:00,5,He took the knee as well! #BlackLivesMatter 
150,2020-06-08 19:42:41+00:00,1478,Leigh at the #BlackLivesMatter protest in London! @LittleMix -Nathan 
151,2020-06-08 19:41:57+00:00,122,"Wow! EPIC visual of yesterday’s historic Black Lives Matter Protests on Hollywood Blvd in Los Angeles, CA, USA ReTweet if you Support this Movement! #BLM #BlackLivesMatter #PoliceBrutality #PoliceReform #Reform #NoJusticeNoPeace #BLMprotest #Protests #Change #GeorgeFloyd"
152,2020-06-08 19:40:53+00:00,4941,"A LIST OF TRANS FUNDS/RESOURCES (a thread): *Note I didn't make these lists, just passing on the info #Blacklivesmatter"
153,2020-06-08 19:40:38+00:00,4,"I posted this on Facebook, but I thought Twitter would appreciate this as well. #blacklivesmatter "
154,2020-06-08 19:39:43+00:00,137,"Black people deserve to thrive, not just survive. #BlackLivesMatter"
155,2020-06-08 19:34:35+00:00,5496,"Donald Trump should Declare the kkk a terrorist group since he’s all about law and order If black people where to wear black hoods, Lynch & terrorizing people as well as setting fires it would be a different story.... #BlackLivesMatter #Protest2020"
156,2020-06-08 19:30:10+00:00,11868,Please sign this petition to declare the kkk as a terrorist organization #BlackLivesMatter 
157,2020-06-08 19:23:05+00:00,54,"George Floyd had served his time, had not committed a crime in a number of years, and was not committing a crime when he was murdered. So why the fuck are the top searches calling him a criminal? They want info to justify his killing. Fucking disgusting. #BlackLivesMatter pic.twitter.com/sjIwILrhft"
158,2020-06-08 19:20:43+00:00,21,Our mothers are been slaughter like goat please we need your help...#Biafra the only solution.@IsraeliPM @BorisJohnson @realDonaldTrump @StateDept @MaziNnamdiKanu @simon_ekpa @Amaka_Ekwo #BlackLivesMatter #BiafraExit
159,2020-06-08 19:20:21+00:00,4,I’m a Black Man I should never be scared to walk outside & worry if Ima make it back home . I don’t wanna see my family hurt . I don’t wanna be on the News. I don’t want my face on a T-Shirt. #BlackLivesMatter 
160,2020-06-08 19:33:10+00:00,72,ITS A NO BRAINER. 1st HUMAN LIVES 2nd ECONOMY. #NoJusticeNoPeace #BlackLivesMatter 
161,2020-06-08 19:17:02+00:00,26,"Be kind. Protesters in glasgow dont deserve this much judgement for fighting a fight, that shouldnt even be happening btw, respectfully#blacklivesmatter "
162,2020-06-08 19:09:59+00:00,102,"Shocking! A police officer is set on fire during the protest in #Mexico! Fortunately, he survived. #Seattle #BlackLivesMatter #GeorgeFloyd #Whitelivesmatter #blacklifematters #protests2020 #protests #BLM #seattleprotest #seattleprotests #riots2020 #BLACK_LIVES_MATTER #BLMprotest"
163,2020-06-08 19:09:22+00:00,375,My tl is returning to normal and I don’t like that so let’s do this instead. Let’s learn about important Black women to the Civil Rights Movement. History is whitewashed and you probably only learned about Rosa Parks. Let’s learn about some others shall we?? #blacklivesmatter
164,2020-06-08 19:00:49+00:00,231,Awful institutions suddenly proclaiming #Blacklivesmatter when Black employees not thriving in them. In UK #highered Black UG more likely to drop out after 1st yr Black students less likely to graduate w 1st or 2.1 Black academics less likely to be Profs #BlackintheIvory
165,2020-06-08 18:53:25+00:00,4,1. Hopefully after #EdwardColston It would be #WinstonChurchill 's statue to go down next #blacklivesmatter 
166,2020-06-08 18:48:36+00:00,4036,Today I asked the Home Secretary if she understands the legitimate and understandable anger felt by some many who have taken to the streets to protest over the past few days. When will the Government listen? #BlackLivesMatter 
167,2020-06-08 18:44:40+00:00,3004,Three questions for the #blacklivesmatter thugs And STILL no answers #BlockKatieHopkins
168,2020-06-08 18:42:54+00:00,202,This! This right here #BlackLivesMatter no matter how many times you hit the proverbial snooze button 
169,2020-06-08 18:35:00+00:00,3,We came out to make a statement. We came out to be heard. #blacklivesmatter #BLM
170,2020-06-08 18:32:33+00:00,802,A tribute to the #blacklivesmatter campaign from a 16yr old. RETWEET #JusticeForTshego #JusticeForTshegoPule pic.twitter.com/WxWC7zg7sc
171,2020-06-08 18:14:01+00:00,15,"Following on from our earlier post about #blacklivesmatter Miss Byrom our art teacher has made a submission for our online exhibition painting an image of Breonna Taylor to inspire our pupils. Send us your work by a Thursday 5pm, we can’t wait to see what you will create "
172,2020-06-08 18:12:45+00:00,5,GET HERE! Get ACTIVE! Clifton Park. #BlackLivesMatter 
173,2020-06-08 18:10:40+00:00,1578,John Cena donated money to help the #BTSArmy match a $1 million donation to #BlackLivesMatter made by the K-pop group. 
174,2020-06-08 18:10:08+00:00,2,Where is #RachelDolezal My Sista My Sista.. Rise up!!!! #Blacklivesmatter #mondaythoughts
175,2020-06-08 18:10:03+00:00,1151,"KAWS announces sale to raise $250,000 for #BlackLivesMatter and Color of Change: https://bit.ly/2UoHoNg"
176,2020-06-08 18:04:26+00:00,617,This has gone on for too long. We must all speak up. #BlackLivesMatter 
177,2020-06-08 18:04:19+00:00,6,"Saturday 27th June. 1PM. Hyde Park, London. A peaceful protest for lil Shukri. May Allah rest her innocent soul and give her perfect peace. #JusticeForShukriAbdi #BlackLivesMatter #BLM"
178,2020-06-08 18:02:05+00:00,84,BIG MOOD #blacklivesmatter 
179,2020-06-08 18:31:47+00:00,3341,"A poem on ""WHITE"" privilege, personal accountability, self loathing, and unity as Americans. From a ""Brown"" guy's perspective. #WhitePrivilege #BLM #blacklivesmatter #AllLivesMatter #America #AmericaOnFire #LatinoLivesMatter #hispaniclivesmatter #unity #PeacefulProtests #Peace"
180,2020-06-08 17:59:44+00:00,576,Evey from Cornwall wants you to hear her story. #blacklivesmatter 
181,2020-06-08 17:52:07+00:00,8,"#blacklivesmatter #kcprotest speak up for what is right. Make change, let your voice be heard."
182,2020-06-08 17:51:10+00:00,385,"To my fellow white folks, if you want to understand what's going on in America, you need to understand how four centuries of systemic racism got us to Breonna Taylor, Ahmaud Arbery, George Floyd & so many others: https://www.facebook.com/johnpatrickboyle/posts/10163786094070207 #BlackLivesMatter"
183,2020-06-08 17:48:24+00:00,4147,Black people shouldn't have to walk in the shadows of statues that glorify people who enslaved and murdered their ancestors. #BlackLivesMatter 
184,2020-06-08 17:46:05+00:00,14181,Part of the reason I’m a fan of #BTS - their commitment to make the world a better place. Cheers to their $1M donation to #BlackLivesMatter and to the same $1M donation by their ARMY. 
185,2020-06-08 17:40:36+00:00,19556,Donald Trump’s star on the Hollywood Walk of Fame was blacked out amid #BlackLivesMatter protests. 
186,2020-06-08 17:36:21+00:00,84362,Please don't buy our tea again. We're taking some time to educate ourselves and plan proper action before we post. We stand against racism. #BlackLivesMatter
187,2020-06-08 17:32:37+00:00,1261,"""To me, we are the most beautiful creatures in the whole world: Black people. I mean that in every sense."" Nina Simone. #BlackLivesMatter "
188,2020-06-08 17:32:30+00:00,34133,Full support to those Labour MPs facing a torrent of abuse for standing up to racism and pointing out the barbaric history of slavery and colonialism. This history should be taught in schools. We must all be clear that #BlackLivesMatter.
189,2020-06-08 17:24:32+00:00,1335,LOOK AT HOW MAD THEY ARE !!! Inject it #blacklivesmatter 
190,2020-06-08 17:20:54+00:00,8,An updated list of this week's protests. #sanjose #sanjoseprotests #BlackLivesMatter 
191,2020-06-08 17:13:52+00:00,107,This is the lived daily experience for every black ⁦@UKLabour⁩ MP. If Starmer can't see it then his trust with black socialists on both the left and right of the party will be lost. #labourleaks #blacklivesmatter 
192,2020-06-08 17:13:37+00:00,290,"Protesting and marching with 11k strong in the streets. Don’t talk about it, be about it #blacklivesmatter #equality"
193,2020-06-08 17:09:10+00:00,70,"What philanthropic ""rules"" is are we willing to break in defense of Black lives? - Tynesha McHarris #philanthropy #BlackLivesMatter. ."
194,2020-06-08 17:00:00+00:00,422,"Xavier Nation, we ask that you join us in standing up against racism and demanding equality. #BlackLivesMatter "
195,2020-06-08 16:57:20+00:00,27413,The legacy of slavery and colonialism is very much with us today in the structure of our society and the world. Solidarity with all those saying #BlackLivesMatter - the time for change is now.
196,2020-06-08 16:55:22+00:00,152,No caption necessary. #BlackLivesMatter 
197,2020-06-08 16:45:50+00:00,1842,Peace. Be safe out there. #wutang #Abettertomorrow #blacklivesmatter 
198,2020-06-08 16:43:34+00:00,45,"Thank you Twitter for being so lovely about my artwork, here are some more #BlackLivesMatter drawings for home school "
199,2020-06-08 16:41:39+00:00,104,"A statement from our CEO, Nick Read. #BlackLivesMatter "
200,2020-06-08 16:41:10+00:00,25636,I love this. Bringing it all together. #COVID19 #BlackLivesMatter #GeorgeFloydProtests
201,2020-06-08 16:34:07+00:00,4,The father of the cofounder #Blacklivesmatter Alicia Garza ' is Jewish 
202,2020-06-08 16:32:03+00:00,196,"""Not everything that is faced can be changed, but nothing can be changed until it is faced."" -James Baldwin #BlackLivesMatter #comic"
203,2020-06-08 16:24:25+00:00,74,"Western science has long benefited from & driven the oppression of Black people. Free Rads calls on scientists to support #BlackLivesMatter &amp; the abolition of our anti-Black policing system, learn about grassroots orgs, and donate. We are matching donations up to $4150! (THREAD) "
204,2020-06-08 16:18:24+00:00,7,"""To ignore evil is to become accomplice to it"" #BlackLivesMatter "
205,2020-06-08 16:17:06+00:00,63,"Isolation Diaries Week 10 In this week’s Isolation Diaries, our young people express their sheer determination to be the generation that bring forward long needed change. A must watch! #BlackLivesMatter "
206,2020-06-08 16:15:53+00:00,255,"destiny harrison, a 21 year old entrepreneur, she got shot in the head in her own hair salon IN FRONT OF HER DAUGHTER. SAY HER NAME #BlackLivesMatter "
207,2020-06-08 16:12:37+00:00,715,The way she handled them!!! A QUEEN #BlackLivesMatter 
208,2020-06-08 16:04:50+00:00,16438,"Meghan McCain asks Kamala Harris whether she is “defunding the police,” then proceeds to get schooled by her and Sunny Houston #BlackLivesMatter #TheView"
209,2020-06-08 16:01:43+00:00,12925,"Within just 24 hours, @BTS_twt fans came together online and raised $1 MILLION for #BlackLivesMatter after the K-pop group donated the same amount. "
210,2020-06-08 16:01:19+00:00,2,This has got to change. #BlackLivesMatter #BlackMothersMatter
211,2020-06-08 15:56:14+00:00,16,"We stand in solidarity against racism, inequality, and violence. #blacklivesmatter "
212,2020-06-08 15:55:48+00:00,12,#BlacklivesMatter From the words of Malcom X (1925-1965) 
213,2020-06-08 15:51:03+00:00,3571,Holy Moly. This is the #BlackLivesMatter protest in Los Angeles. 
214,2020-06-08 15:49:55+00:00,144,"In light of the #blacklivesmatter movement, we cannot ignore @seyeabimbola’s insistence that ""We must use this as a moment of reflection to first acknowledge, &amp; then work to reject the present fault lines in #globalhealth so that we can begin to mould a more equitable system"""
215,2020-06-08 15:43:42+00:00,4,"I pledge to oppose racism and hate through active allyship, continuous learning, and listening. #BlackLivesMatter "
216,2020-06-08 15:41:03+00:00,6,If the WWE can get it.....#BlackLivesMatter 
217,2020-06-08 15:40:26+00:00,54,Learn to !! Hoping for a future where hate and racism doesn’t exist #enoughisenough #blacklivesmatter 
218,2020-06-08 15:39:30+00:00,1423,"This is a movement, not a moment. Here are a few tips on protesting safely, what to do if you're teargassed or arrested, & how to use your privilege to protect and amplify Black voices. Keep showing up and stay safe. #BlackLivesMatter "
219,2020-06-08 15:35:26+00:00,4,"hearing about prison/police reform and abolition, and want to know how things could actually change? change is possible! #blacklivesmatter #prisonabolition #PoliceReformNow"
220,2020-06-08 15:33:47+00:00,126,Nottingham protest Shot by me #BlackLivesMatter 
221,2020-06-08 15:27:53+00:00,48,Stereotype confirmations 1. Black people have big cocks. 2. White people are married 3. White children know their father. #blm #blacklifematters #blacklivesmatter pic.twitter.com/F9cPTv3RJ4
222,2020-06-08 15:17:33+00:00,104,Another song from #hamiltonmusical that fits so perfect today! #blacklivesmatter #ally
223,2020-06-08 15:11:29+00:00,154,Hello Twitter! We’re throwing a charity art auction to benefit the #BlackLivesMatter movement. It’ll take place next week on this account - and we’ve lots of exciting artists lined up! More info in the thread below 
224,2020-06-08 15:06:57+00:00,3226,"I'm still getting racist abuse for this piece despite saying nothing for time, so I might as well repost it Racism is attacking the people who tell the truth about how our system was built, rather than asking how to change it. https://www.theguardian.com/commentisfree/2017/aug/22/toppling-statues-nelsons-column-should-be-next-slavery #BlackLivesMatter"
225,2020-06-08 15:06:23+00:00,5,PROUD of what we stood up for. #blacklivesmatter #BLM #blmcardiff pic.twitter.com/Q3cs9WGsFC
226,2020-06-08 15:04:55+00:00,2380,Meghan should stay quiet on anything #BlackLivesMatter. #TheView
227,2020-06-08 15:01:59+00:00,295, None of these patriots will be voting for you @realDonaldTrump LET THAT SINK IN OLD MAN!! #BlackLivesMatter #GeorgeFloyd
228,2020-06-08 14:55:16+00:00,920,This is brotherhood. This is understanding This is empathy. This is love. #NewYork #NewYorkProtests #protests2020 #Jewish #BlackLivesMatter #TrumpResignNow #HumanRights
229,2020-06-08 14:54:51+00:00,64,Is this True? #BlackLivesMatter 
230,2020-06-08 14:53:01+00:00,5687,"Kendrick Lamar attended a #BlackLivesMatter protest in Compton, California yesterday. "
231,2020-06-08 14:51:35+00:00,6881,"Chicago’s most violent day in 60 years: 18 murders in 24 hours - this is what Democrats, #ANTIFA, and #BlackLivesMatter don’t want anyone to talk about! "
232,2020-06-08 14:51:21+00:00,7,"Okay... #BlackLivesMatter , but y'all gotta RELAX "
233,2020-06-08 14:50:25+00:00,8,My friend @deyell88 is a single mom of 3 who was hit hard by this pandemic and was also out there protesting and collecting donations for water during the hot days!! If anyone could help her out now her Venmo is deyell88 #BlackLivesMatter 
234,2020-06-08 14:46:59+00:00,1199,Yesterday was a historic moment in Bristol's story. This is a snapshot from inside M Shed today. #BlackLivesMatter 
235,2020-06-08 14:44:16+00:00,6,You only fail when you stop trying. #BlackLivesMatter 
236,2020-06-08 14:43:13+00:00,4,#Arsenal is fucking hypocritical. #BlackLivesMatter ????? #UyghurLivesMatter too! FUCK ALL OF YOU HYPOCRITICAL CUNTS. pic.twitter.com/BzaiL90Rzx
237,2020-06-08 14:39:46+00:00,9,Hanes will be making a donation to the @NAACP_LDF. #BlackLivesMatter 
238,2020-06-08 14:39:18+00:00,9,"When life gives you a hundred reasons to break down and cry, show life that you have a million reasons to smile and laugh. Stay strong #Blacklivesmatter "
239,2020-06-08 14:45:10+00:00,3,Melanin beauty #BlackLivesMatter 
240,2020-06-08 14:34:53+00:00,212,#BlackLivesMatter Please please PLEASE stay safe everyone! 
241,2020-06-08 14:34:41+00:00,15,"Driver is charged with first- degree murder; Chauvin not? #BlackLivesMatter Driver charged with first-degree murder after leading police on an hourslong high-speed chase, bail set at $1 million - Chicago Tribune "
242,2020-06-08 14:28:12+00:00,79,There were better ways to handle this situation but this cop decided that using his gun was the best option. #PoliceViolence #PoliceBrutality #BLM #BlackLivesMatter #PoliceReformNow
243,2020-06-08 14:27:13+00:00,27,"“Always look them in the eye so they have to acknowledge you’re human.” - Samantha Francine In Whitefish, Montana, Samantha Francine stares down the hatred of racist Jay Snowden. #BlackLivesMatter 1/3 "
244,2020-06-08 14:26:40+00:00,1855,House and Senate Democrats observe a moment of silence for all of the Black lives we have lost in America due to police brutality and for those who have also suffered physical and emotional abuse. It is time for a change. Enough is enough. #BlackLivesMatter 
245,2020-06-08 14:12:34+00:00,9181,"For a small rural town this is a huge turnout for a #BlackLivesMatter protest in Dingle Co. Kerry. Led by @WalkingOnCars singer and local man, Pa Sheehy. #Kerry"
246,2020-06-08 14:11:17+00:00,76,This petition is to make juneteenth a national holiday. #juneteenth2020 #blacklivesmatter 
247,2020-06-08 14:09:44+00:00,2244,.@ArabLincoln is auctioning off these custom AF1s for the George Floyd Fund. #JusticeForGeorgeFloyd #BlackLivesMatter 
248,2020-06-08 14:09:32+00:00,198,The L in Missoula has some friends this morning! #BlackLivesMatter 
249,2020-06-08 14:09:17+00:00,1010,I love pro wrestling. I love black people. I don’t love having to have these conversations about why #BlackLivesMatter but honored that @WWEBigE @TrueKofi and @XavierWoodsPhD had me on their podcast for this very emotional and therapeutic conversation. https://podcasts.apple.com/us/podcast/the-new-day-feel-the-power/id1488342885?i=1000477148309
250,2020-06-08 14:02:00+00:00,189,“Black journalists have been facing the same uphill battle in Canadian media since well before the CABJ was founded in 1996. Now is the time for tangible changes within the industry.” A statement from the CABJ: https://www.cabj.news/news-and-updates/cabj-and-cjoc-statement-anti-black-racism #BlackLivesMatter #cdnmedia
251,2020-06-08 13:57:47+00:00,16,#BlackLivesMatter Donbass edition 
252,2020-06-08 13:49:09+00:00,55,#BlackLivesMatter. Our solidarity from the #Rohingya camps.
253,2020-06-08 13:46:09+00:00,11,"What if you RT’d this petition calling to end the online streaming of operas that utilize blackface & other racially-insensitive makeups at The Met, & we got to 10k signatures this week? Haha jk... unless? #BlackLivesMatter http://chng.it/4fmRPjFD via @Change"
254,2020-06-08 13:43:29+00:00,17,Another beautiful day to march for justice. #BlackLivesMatter #fundcunynotcops #cutcovidnotcuny
255,2020-06-08 13:42:23+00:00,97,"Kinnedy Smith, 21 was stabbed to death by her psychotic ass boyfriend. He's going to be charged with 2nd degree murder upon his release from the hospital #JusticeForKinnedySmith #BlackLivesMatter pic.twitter.com/tj9ziOSdVQ"
256,2020-06-08 13:40:01+00:00,43,#BlackLivesMatter lets keep the momentum going !! 
257,2020-06-08 13:39:25+00:00,21,A few snaps of our peaceful protest. So proud of the turnout from out little town. #BlackLivesMatter 
258,2020-06-08 13:38:37+00:00,3372,"To build a future of equal rights & justice, it is necessary for Europeans to look at their past and practices of exploitation & mass murder. Glad that no one is asking for #Colston to be put back. #BlackLivesMatter pic.twitter.com/CM4R2xKEMz"
259,2020-06-08 14:00:41+00:00,2202,Proud of protesters. Proud to be one of them. Proud of LA. #blacklivesmatter #hollywood
260,2020-06-08 13:30:08+00:00,741,ITS TIME FOR CHANGE #BlackLivesMatter
261,2020-06-08 13:23:26+00:00,32001,... and don't you forget it. #BlackLivesMatter #EndRacism
262,2020-06-08 13:22:34+00:00,70,Example of this—hot mic—in New York during a #BlackLivesMatter / #GeorgeFloyd: https://twitter.com/breeadail/status/1268192594296745990?s=21
263,2020-06-08 13:20:28+00:00,4641,Here's a perspective you probably haven't heard. #BlackLivesMatter 
264,2020-06-08 13:13:50+00:00,61355,K-Pop Action: @BTS_twt and #BTSArmy Raise $2M for #BlackLivesMatter 
265,2020-06-08 13:13:44+00:00,2586,"I’m going to spend today, the 46th anniversary of my ordination as a #Jesuit priest, demonstrating that #BlackLivesMatter "
266,2020-06-08 13:11:36+00:00,7,Say no to Racism. #BlackLivesMatter 
267,2020-06-08 13:10:35+00:00,53,PERIOD. We not letting up. #BlackLivesMatter 
268,2020-06-08 13:05:34+00:00,400,"Don’t forget Sean Reed, who Indianapolis Police killed on Facebook Live and joked that he’d need a closed casket funeral; and Tony McDade, a Trans man killed by Tallahassee police the same week as Geogre Floyd #SayTheirNames #BlackLivesMatter "
269,2020-06-08 12:58:38+00:00,0,#BlackLivesMatter #AllLivesMatter The best thing we can do is to PRAY for our NATION. 
270,2020-06-08 12:54:39+00:00,3116,"corrupt @realDonaldTrump has a history of NOT paying his bills, now @POTUS will leave the American #taxpayer a hefty unpaid NATIONAL DEBT bill and our country in the way to its worse depression ever #BlackLivesMatter #VoteBlueToSaveAmerica http://nestorgomezstoryteller.com/immigration-stories.html"
271,2020-06-08 12:54:17+00:00,2,#BlackLivesMatter (just a reply to a racist on fb that I also wanted to share here) 
272,2020-06-08 12:52:31+00:00,1807,"My cousin Henry lies dead, a victim of police brutality in Kenya. #BlackLivesMatter pic.twitter.com/tJL1wA1Y2V"
273,2020-06-08 12:49:19+00:00,863,"""How come everything is white? Tarzan is white, Miss World is white, Santa Claus is white..."" Amazing stuff from Muhammad Ali #BlackLivesMatter "
274,2020-06-08 12:48:27+00:00,469,THIS. #blacklivesmatter 
275,2020-06-08 12:47:20+00:00,1471,#ThisIsMyAmerica: A retired U.S. Marine supported #BlackLivesMatter by kneeling in uniform near the Utah State Capitol by himself &amp; had a piece of tape on his mouth with the words ‘I can’t breathe’ written on it. He stood for 3 hours in 99 degrees! 
276,2020-06-08 12:47:01+00:00,5479,It says something when Mitt Romney makes it to a #BlackLivesMatter protest before Bernie Sanders. 
277,2020-06-08 12:46:21+00:00,3,I TRUELY HOPE EVERYONE SHARES THIS BECAUSE THIS MAY BE ONE OF THE MOST DISGUSTING THINGS I’VE SEEN. THEY BOTH DERSEVE THE SAME DEATH THEY GAVE THIS MAN #DarrenRainey #SayHisName #BlackLivesMatter 
278,2020-06-08 12:44:55+00:00,20213,"Lord Mandelson says people responsible for toppling Edward Colston statue in Bristol should be arrested, says “I find mob rule very disturbing ...that’s the law of the jungle, isn’t it?” But he should recognise that the real barbarism was the slave trade itself #BlackLivesMatter "
279,2020-06-08 12:39:39+00:00,968,"We need to wrest control of the Toronto Police budget, defund it by 10%, and rebalance our public funds towards investing in much-needed community supports. Here’s the motion, seconded by @Kristynwongtam, on the next city council agenda: https://joshmatlow.ca/defund-rebalance-invest/ #BlackLivesMatter"
280,2020-06-08 12:37:29+00:00,14,Do what the mask says. #VOTE #BlackLivesMatter 
281,2020-06-08 12:31:30+00:00,21,BLM - Wolverhampton Peaceful Protest #BlackLivesMatter #BlackLivesMatterUK
282,2020-06-08 12:14:44+00:00,6,Sums it up perfectly #BLM #mondaythoughts #Blacklivesmatter 
283,2020-06-08 12:13:45+00:00,47,"The UK have always been subtly evil towards outsiders , light rarely gets shed on these events. #Anonymous #BlackLivesMatter "
284,2020-06-08 12:03:09+00:00,1585,"Statues of slave merchants shouldn't still be standing – end of story. I'm calling on the Government to issue guidance to local councils on how to speed up the process for assessing and removing them, in conversation with their local communities. #BlackLivesMatter "
285,2020-06-08 11:47:40+00:00,17,Please take a moment to read. #BlackLivesMatter #BLM #BlackLivesMattterUK
286,2020-06-08 11:34:29+00:00,2452,All I have to promote is here. There are a plethora of free to sign petitions and educational resources you can find. You can also donate if you’d like to. Help squash racism. #BlackLivesMatter. 
287,2020-06-08 11:27:01+00:00,98,"I am teaching a course on prisons and hunger strikes next year. The #BlackLivesMatter movement and the discussion around abolition has transformed me. Today, I'm re-designing the course and centralising abolition scholarship. The struggle continues "
288,2020-06-08 11:16:55+00:00,424,"I want to believe you @nflcommish, but when I was unfairly profiled by police and later spoke up about players feeling enslaved to the league’s unequal standards, I was blackballed and run out. I challenge you NFL: #ACTIONSOVERWORDS #blacklivesmatter "
289,2020-06-08 11:16:39+00:00,108,Cr: noturjacky @ig #BlackLivesMatter 
290,2020-06-08 11:15:00+00:00,2137,"You will hardly see these types of clips on media,but this is what we all should be sharing !! #seattleprotest ##BlackLivesMatter "
291,2020-06-08 11:09:34+00:00,321,"State brutality and racism in all of its manifestations must and will be brought down. Together we will rise. [London, 08/06/2020] #BlackLivesMatter #ApartheidOffCampus"
292,2020-06-08 11:08:44+00:00,337,"Brenden says Black lives matter, fuck all racist #BlackLivesMatter pic.twitter.com/9tT8lbx5JB"
293,2020-06-08 10:59:58+00:00,0,Pray for george #BlackLivesMatter 
294,2020-06-08 10:54:18+00:00,19,All people ask for is to let them and their families breathe without the fear of being killed. Why is it too much to ask for? #BlackLivesMatter 
295,2020-06-08 10:53:42+00:00,35568,"IT'S A SHAME IT EVEN HAS TO BE STATED BUT OF COURSE #BlackLivesMatter WE FUCKING LOVE YOU. KEEP FIGHTING THE GOOD FIGHT SO EVERYONE UNDERSTANDS THIS. I WANT EVERYONE TO FEEL SAFE, RESPECTED AND HAVE ALL THE SAME OPORTUNITIES TO DO GREAT."
296,2020-06-08 10:51:39+00:00,41,"We need justice for Shukri Abdi, Belly Mujinga, Tony McDade, Alton Sterling, Crystal Mason, Kendrick Johnson, Malik Thomas, Katera Jenkins- Barker, Jennifer Jeffley, Amiya Braxton, Emerald Black, Christopher Terrell, Julian Cole, Tete Gulley. KEEP SPEAKING UP!!#BlackLivesMatter"
297,2020-06-08 10:49:22+00:00,3965,"liverpool is an amazing city, but it’s built on slavery and we need to acknowledge that and aim to do better. our racist history is literally written on streets. this was an attempt to geographically contextualise this history and make it harder to ignore. #BlackLivesMatter "
298,2020-06-08 10:47:29+00:00,2190,"I’ve written to #Cardiff Council asking for the removal of the statue of sadistic 19th Century slave-owner, Sir Thomas Picton, from the Marble Hall in @CityHallCardiff. You can read my letter here #BlackLivesMatter "
299,2020-06-08 11:05:13+00:00,87,Put together some more resources for our school. #edutwitter #BlackLivesMatter #EducationSpeaksOut
300,2020-06-08 11:00:14+00:00,8,I am enough I am beautiful I am strong I am loved I am smart I am kind #BrownSkinGirl #BlackLivesMatter 
301,2020-06-08 10:41:05+00:00,2330,Los Angeles turning out for racial justice. Breathtaking to behold. #BlackLivesMatter 
302,2020-06-08 10:39:30+00:00,1654,"It’s been 87 days since #BreonnaTaylor’s murder. Still, no arrests have been made. We demand the arrest of and charges for Jonathan Mattingly, Brett Hankison, and Myles Cosgrove. #BlackLivesMatter "
303,2020-06-08 10:20:02+00:00,168,Moving together at the #blacklivesmatter protest in London eviebarnesx 
304,2020-06-08 10:18:33+00:00,720,LA’s #BlackLivesMatter protest today. 
305,2020-06-08 10:18:05+00:00,4550,"""Blessed are those who hunger and thirst for justice, for they shall be satisfied."" ""Blessed are the peacemakers, for they shall be called children of God."" #BlackLivesMatter"
306,2020-06-08 10:14:03+00:00,26,“... this is the place that I turn when the world that I live in is darkest” #BlackLivesMatter 
307,2020-06-08 10:08:51+00:00,10,A little 3D render I made in Blender. #BlackLivesMatter 
308,2020-06-08 09:46:40+00:00,33,A commissioned piece. Pencil on paper ©Anis2020 #Anis #BlackLivesMatter 
309,2020-06-08 09:35:38+00:00,708,"BCA NEEDS YOUR HELP: We are creating a new archive collection to capture the historic activism of 2020. We want your digital flyers, posters, photographs, videos and more. Details are here http://ow.ly/zPqu30qNEuf or see link in our bio. #blackbritishhistory #blacklivesmatter "
310,2020-06-08 09:22:47+00:00,1827,Supporting our youth. This was the first of two scheduled peaceful protests for #BlackLivesMatter in American Samoa. 
311,2020-06-08 09:20:10+00:00,49,"#blacklivesmatter Protesters In England Destroys A 100-Year-Old Statue Of The Slave Trader, Edward Colton "
312,2020-06-08 09:17:32+00:00,1234,Pent says #BlackLivesMatter #ACAB
313,2020-06-08 09:05:42+00:00,11654,"Just a little note about #blacklivesmatter. I just wanted to note that the fact I've said little about it, isn't a sign of not caring. Its a sign that I feel this is a time I should be listening and learning, trying to understand it, rather than putting out a view."
314,2020-06-08 09:04:28+00:00,14,"adolf hitler murdered 10 million europeans and king leopold II murdered ~15 million africans, but somehow most of us never learned about the latter. #BlackLivesMatter "
315,2020-06-08 09:03:29+00:00,208,This video needs to be the most viral video of all time. I have never had anything make me just break like this before. #BlackLivesMatter 
316,2020-06-08 08:58:14+00:00,56,Some shots from the London #BlackLivesMatter protests over the weekend. 
317,2020-06-08 08:49:24+00:00,670,"""Our struggle was against white supremacy, not against white people"" #NelsonMandela #BlackLivesMatter "
318,2020-06-08 08:46:03+00:00,14,"Avatar Kyoshi was right: no justice, no peace. #BlackLivesMatter "
319,2020-06-08 08:43:51+00:00,323, In #USA view of the massive peaceful #BlackLivesMatter protest in #Seattle.
320,2020-06-08 08:09:48+00:00,211,"“We gotta make a change, it’s time for us as a people to start making some changes. Let’s change the way we eat, live and treat each other”- Tupac https://blacklivesmatters.carrd.co/ #BlackLivesMatter #BLM #NoJusticeNoPeace #BlackTransLivesMatter #TonyMcDade #GeorgeFloyd #BreonnaTaylor"
321,2020-06-08 08:08:46+00:00,15034,We're preserving #BlackLivesMatter signs left at the former site of the #Colston statue so we can tell the story of this historic moment for our city at @mshedbristol
322,2020-06-08 07:45:37+00:00,65,I wonder what #BlackLivesMatter thinks of this scumbag using the hashtag to make FAKE accusations of racism 
323,2020-06-08 07:45:16+00:00,87,Who profited from slavery ? #BlackLivesMatter 
324,2020-06-08 07:44:37+00:00,104,#BlackLivesMatter #seattleprotest Seattle Mayor Jenny Durkan and police Chief Carmen Best said Friday that tear gas wouldn’t be used during protests for at least 30 days except in life-threatening situations. Sunday night:
325,2020-06-08 07:38:51+00:00,23,#LeaMichele showing her “support” for #BlackLivesMatter like:... #LeaMicheleIsOverParty
326,2020-06-08 07:38:30+00:00,7617,Just me. A white woman. Eye-rolling you. Amongst you. When you were hunting me down. You may kneel and kiss my ring. #BlackLivesMatter #londonprotests
327,2020-06-08 07:37:29+00:00,10,There is a peaceful protest outside the police station in GTA. #BlackLivesMatter 
328,2020-06-08 07:25:16+00:00,266,Guam’s doctors and medical staff came out to peacefully protest for #BlackLivesMatter they knelt in silence for 8 mins and 46 secs... 
329,2020-06-08 07:22:08+00:00,20,Free Mazin Mohamedali! Arresting him is another attempt at silencing black voices. #BlackLivesMatter 
330,2020-06-08 07:11:41+00:00,78057,it's monday. arrest the cops who killed Breonna Taylor. #JusticeforBreonnaTaylor #BlackLivesMatter 
331,2020-06-08 07:11:39+00:00,891,Fuck imperialism. Fuck capitalism. Fuck the police. Fuck fascism. Fuck racism. #BlackLivesMatter
332,2020-06-08 07:03:04+00:00,333,"A few thoughts on why, even though ""all lives matter"" is a valid statement, we should be mindful and empathetic and not use it to hijack #BlackLivesMatter, which is a movement literally begging for people to pay attention to the social inequalities facing black people."
333,2020-06-08 06:52:16+00:00,5,"Just made some more headers for anyone to use, share and fight for what’s right. Today, tomorrow and always #BlackLivesMatter "
334,2020-06-08 06:37:28+00:00,13,I mean... lads. Come on. #BlackLivesMatter 
335,2020-06-08 06:35:40+00:00,998,"I can’t condone burning the UK Flag at the #Cenotaph. How does it help #BlackLivesMatter ? I suggest u watch what happens there on 11 Nov &amp; see reps of African, Caribbean and Asian countries attend to recognise their own armed forces sacrifices so that u have the right to protest"
336,2020-06-08 06:30:20+00:00,1856,Some photos from today! #BlackLivesMatter 
337,2020-06-08 06:28:57+00:00,19193,We have collected all the signs that were laid in the city after yesterday's #BlackLivesMatter protest so we can preserve them for display in the @mshedbristol
338,2020-06-08 06:20:06+00:00,20,Some people suddenly show their concern for #BlackLivesMatter but ignore the #PoliceBrutality in Hong Kong Cr: bobbidibboo (from instagram) #HongKong
339,2020-06-08 06:14:46+00:00,706,"""Whenever you make a master uncomfortable, expect his dogs to attack you viciously from all sides to show their loyalty."" ~ Mzilikazi wa Afrika #BlackLivesMatter"
340,2020-06-08 06:13:33+00:00,5041,#BlackLivesMatter . We deserve to be free. 
341,2020-06-08 06:12:39+00:00,7,Our lives matter. The only race under attack. #BlackLivesMatter 
342,2020-06-08 05:59:59+00:00,11,"Let’s clear the air here and say what needs to be said. Stand for equality, not racism and ignorance! #blm #BlackLivesMatter #COVID19 #BeforeThe90Days #AllLivesMatter #BlueLivesMatters #BlueLivesMatter #WhitePrivilege #racist #RacistInChief #RacismInAmerica"
343,2020-06-08 05:59:32+00:00,3,do not stop talking about #BlackLivesMatter 
344,2020-06-08 05:49:56+00:00,2732,Pay Attention Former #BlackLivesMatter organizer exposes the organization as a fraud &amp; the left plot to use black people’s emotion as a catylist for their revolution to overthrow America “We are being used &amp; led to our slaughter” Watch full http://youtu.be/AdPTtj7MyJw
345,2020-06-08 05:44:02+00:00,86,WELL DONE MARINE SEMPER FI #BlackLivesMatter 
346,2020-06-08 05:43:49+00:00,8673,"At a time when our country is threatened by the radical leftist and Marxist revolutionaries of #ANTIFA and #BlackLivesMatter, there is one this standing between good and evil. @realDonaldTrump"
347,2020-06-08 05:33:33+00:00,385,Incredible view of today’s massive #BlackLivesMatter protest march down #Hollywood Blvd in LA:
348,2020-06-08 05:30:33+00:00,278,VENTURA COUNTY BLACKOUT. THIS WOMAN WAS SO BADASS. #venturaprotest #BlackLivesMatter 
349,2020-06-08 05:21:38+00:00,5,When the Law shows its hypocrisy. #BlackLivesMatter 
350,2020-06-08 05:19:02+00:00,4,Felt the need to post this here. Let us all be aware Credits to @_MrNesmith #BlackLivesMatter #JusticeForFloyd #GeorgeFloyd #NoJusticeNoPeace pic.twitter.com/5QTxZhweHK
351,2020-06-08 05:14:09+00:00,13,Smithtowns finest #Smithtown #smithtownprotest #longisland #longnislandprotests #newyork #newyorkcity #BlackLivesMatter #racist #racism
352,2020-06-08 05:10:56+00:00,25,Even the Seattle Hyatt Regency gets it. #BlackLivesMatter 
353,2020-06-08 05:04:55+00:00,320809,Okay this is LA’s #BlackLivesMatter protest today. 
354,2020-06-08 04:58:08+00:00,24371,"BTS ARMY have raised over $1 million towards the #BlackLivesMatter movement, matching the original donation in less than 24 hours. Powerful. The movement is changing the world. Continue. "
355,2020-06-08 04:40:04+00:00,533,"#DoubleTheMillion Project - UPDATE | 1:40PM KST - after 50 minutes Raise: $7,279 Total: $1,094,335 #BlackLivesMatter @BTS_twt @OneInAnARMY"
356,2020-06-08 04:36:03+00:00,22,"Is this true? If so, then #AllLivesMattter not #BlackLivesMatter #AllLivesMatters #AllLivesMatterNotJustBlack"
357,2020-06-08 04:32:45+00:00,18,Camila Morrone today at the #BlackLivesMatter protest in LA 
358,2020-06-08 04:32:16+00:00,4,"#georgefloyd was a public sacrifice by the elites. This “I can’t breath” movement was &amp; has been planned for years &amp; has been placed in many tv shows. #kobebryant wearing an “I can’t breath shirt”, only for it to be the chant of protestors now? #BlackLivesMatter pic.twitter.com/57p7fTCHxM"
359,2020-06-08 04:29:32+00:00,65413,A right-wing terrorist drove into a crowd and shot at least one protestor in Seattle. ( @SpookeeACAB) #BlackLivesMatter 
360,2020-06-08 04:27:24+00:00,6,I think that #SyrianLivesMatter is as important as #BlackLivesMatter we need to stick together 
361,2020-06-08 04:27:18+00:00,78,I couldn’t be more proud of you #BlackLivesMatter #AdamLambert 
362,2020-06-08 04:08:03+00:00,6,Pleaseeeeeeeeeeeeeeeeeeeeeeeeeeeeeeeeeeeeeeeeeeeeeeee #BlackLivesMatter 
363,2020-06-08 03:48:27+00:00,19,Reminder!!! I'm selling commissions for up to 50% off if you donate to a #BlackLivesMatter cause!! 
364,2020-06-08 03:46:24+00:00,1517,Easily rename your Git default branch from 'master' to 'main' https://www.hanselman.com/blog/EasilyRenameYourGitDefaultBranchFromMasterToMain.aspx #blacklivesmatter
365,2020-06-08 03:38:16+00:00,905,This Tokoyami knows what's up #blacklivesmatter #PlusUltra #DefundThePolice
366,2020-06-08 03:35:22+00:00,150,Racism is small dick energy #ISaidWhatISaid #LatinoVets #VetsForBlackLives #VetsVsHate #BlackLivesMatter #LatinosForBlackLivesMatter
367,2020-06-08 03:31:35+00:00,7,JUST BECAUSE THE TREND IS SLOWING DOWN DOESN'T MEAN YOU START ACTING LIKE EVERYTHING'S OK I MADE THIS FOR THOSE PEOPLE THAT NEEDS A VISUAL REPRESENTATION OF HOW IT BE RN :) #BlackLivesMatter 
368,2020-06-08 03:30:43+00:00,1,Took him to see why we are shouting and forcing the status quo to change!!! #BlackLivesMatter 
369,2020-06-08 03:25:27+00:00,149,"Guess we'll do it now! For the #ComicWritersChallenge I'll be offering up this original Batgirl I did back in 2017. To bid in the auction, comment below! All proceeds go to #BlackLivesMatter and the auction ends on Friday, June 12th at 7:00 PM PDT. "
370,2020-06-08 03:23:01+00:00,25,Yesterday in Fairfax was a great turnout. #BlackLivesMatter 
371,2020-06-08 03:21:06+00:00,142,"We won’t forget you LaVena Lynn Johnson, a Private First Class in the United States Army. She was murdered in a tent owned by Kellog Brown + Root. Her death was falsely ruled as a suicide, contrary to evidence of rape and battery. #BlackLivesMatter "
372,2020-06-08 03:14:37+00:00,5391,Seattle today. Speechless. #BlackLivesMatter 
373,2020-06-08 03:07:36+00:00,19,"I just want my voice to get heard , if nobody listens I know God will #BlackLivesMatter "
374,2020-06-08 03:02:51+00:00,2382,"Hey #Toronto twitter. This poor man was brutally detained by the police, and charged with assault of a police officer &amp; resistance of arrest, FOR MOVING HIS ARM! He needs an immigration lawyer by tomorrow morning. Can people help us find him one? #BlackLivesMatter "
375,2020-06-08 03:01:14+00:00,5,Protest in downtown Raleigh today #BlackLivesMatter #RaleighProtest #RIPGeorgeFloyd – at North Carolina State Capitol
376,2020-06-08 02:57:47+00:00,0,#Blacklivesmatter I can't breath，save me！ #Minneapolis
377,2020-06-08 02:57:24+00:00,3818,I support #BlackLivesMatter. I support our Men &amp; Women in Blue. What team does that put me on?
378,2020-06-08 02:55:24+00:00,7,This is joann tucker. A teacher at a public school . This bs can not be tolerated moving forward. @BLACKTWlTTERHQ do ya thang. #BlackLivesMatter #blacktwitter
379,2020-06-08 02:48:34+00:00,12,"Beautiful murals done in utah #JusticeForFloyd #JusticeforBernardo #BlackLivesMatter ""I can't breath"" ""I dont want to die"" pic.twitter.com/HCfz2IGT42"
380,2020-06-08 02:48:30+00:00,426,This incredible #BlackLivesMatter mural was painted in #Oakland today across 3 city blocks... I love my city.
381,2020-06-08 02:48:02+00:00,32, Bridget via Instagram stories. #BlackLivesMatter 
382,2020-06-08 02:47:20+00:00,15,last night in chattanooga // day 8 of protests #BlackLivesMatter 
383,2020-06-08 02:44:19+00:00,39508,-It’s impossible for you to understand what happen today if you don’t understand the past- LETS CONTINUE TO FIGHT. #blacklivesmatter 
384,2020-06-08 02:42:00+00:00,13,come support and join the #BlackLivesMatter movement and help get our voices heard in camarillo!! 
385,2020-06-08 02:40:44+00:00,7,"Your voice, your words and your actions are the greatest weapons against any injustice. #BlackLivesMatter "
386,2020-06-08 02:40:34+00:00,11550,Sarah Grossman DIED after getting teargassed at a Columbus #BlackLivesMatter protest fighting for justice. ANOTHER LIFE lost at the hands of police brutality… Enough is enough! #SarahGrossman https://www.thelantern.com/2020/06/columbus-looks-into-death-of-ohio-state-grad-who-attended-downtown-protests/
387,2020-06-08 02:39:13+00:00,2650,Kendrick Lamar out protesting in Compton today #BlackLivesMatter 
388,2020-06-08 02:35:26+00:00,52,Thoughts on white privilege. #BlackLivesMatter 
389,2020-06-08 02:18:55+00:00,262,"i will never forget june 6, 2020. myself and 4 other beautiful black women made history in london, ontario. and this is only the beginning. #BlackLivesMatter "
390,2020-06-08 02:13:36+00:00,2926,This is what 'disproportionate' looks like. #BlackLivesMatter 
391,2020-06-08 02:11:13+00:00,16545,"And just like that, @BTS_twt fans have raised $1 million USD to benefit #BlackLivesMatter "
392,2020-06-08 02:00:57+00:00,704,We got a new Kitty! His name is The Lil Bru & he’s taking a nap. #CatsOfTwitter #startrek #manufanmily He’s our #BlackLivesMatter Mascot for human rights. 
393,2020-06-08 02:00:31+00:00,707,Churchill was worse than Hitler? True or false? #BlackLivesMatter
394,2020-06-08 01:52:28+00:00,5,"@the person who just ordered pizza, hell the fuck yeah #BlackLivesMatter pic.twitter.com/qURVj3OZ7a"
395,2020-06-08 01:49:20+00:00,7399,"ARMYs all over the world succeed in #MatchTheMillion campaign, collectively donates $1 million to #BlackLivesMatter movement #2MforBLM https://www.allkpop.com/article/2020/06/armys-all-over-the-world-succeed-in-matchthemillion-campaign-collectively-donates-1-million-to-blacklivesmatter-movement"
396,2020-06-08 01:48:40+00:00,38875,.@BTS_twt fans match BTS' one million dollar donation to Black Lives Matter. You can download our release here : http://bit.ly/1M4BLM #BlackLivesMatter #ARMYMatchedAMillion #2MforBLM
397,2020-06-08 01:48:16+00:00,100,Glendale City Hall was packed. #BlackLivesMatter – at Glendale City Hall
398,2020-06-08 01:39:45+00:00,41,Gut punch. These poor babies. #blacklivesmatter 
399,2020-06-08 01:37:58+00:00,102,"#UnderneathTheFursona Yeeerrrr it's ya boi Nova, a gay Boricua and Taíno originally from BX, NY but now lives elsewhere. 24 yr old artist and amateur photographer. Gaming and music are my hobbies. Metal and dark electro enthusiast. DragonWolf Also #BlackLivesMatter "
400,2020-06-08 01:37:02+00:00,25,"It’s “HUMAN BEING”, thank you Adam! #ยกเลิก112 #saveวันเฉลิม #BlackLivesMatter "
401,2020-06-08 01:34:40+00:00,7710,"A historical moment: ARMY matches BTS' $1 million donation to #BlackLivesMatter in 24 hours, and now they are on a mission to hit $2 million! @BTS_twt @OneInAnARMY #MatchAMillion | #MatchTheMillion #ArmyMatchedAMillion | #2MforBLM"
402,2020-06-08 01:29:26+00:00,2482,"An estimated 20,000 people have taken to the streets of #Hollywood as part of a massive #BlackLivesMatter movement. @RoadSageLA has a look at the crowd from #Sky2. #CBSLA MORE: http://cbsloc.al/2Yas33Y"
403,2020-06-08 01:29:01+00:00,31,"ALERT: These are the 3 KY cops that Murdered #BreonnaTaylor! There names are Jonathan Mattingly, Brett Hankinson, and Myles Cosgrove! Call the D.A. at 502-595-2300, the A.G. at 502-429-7134 and the Gov at 502-564-2611 and demand that they be charged with Murder! #BlackLivesMatter "
404,2020-06-08 01:25:18+00:00,6,#BLM #BlackLivesMatter #BlackPanthers Now this is the bomb ! This is some bas ass shit! Hell yes ! pic.twitter.com/XllystnsDV
405,2020-06-08 01:21:34+00:00,59,this was only the beginning... #BlackLivesMatter pic.twitter.com/K0OMNS9w45
406,2020-06-08 01:19:41+00:00,11,Justice for Belly Mujinga #BlackLivesMatter DRC we Stan 
407,2020-06-08 01:19:24+00:00,852,This is one of the most powerful signs and image I’ve ever seen. #GeorgeFloyd #BlackLivesMatter 
408,2020-06-08 01:14:18+00:00,634,"Don’t let up now, keep your foot on the accelerator and show them that this can never, ever happen again... I’m proud from the bottom of my heart of every single one of you The system has to change, or you tear it down for good. #BlackLivesMatter"
409,2020-06-08 01:12:23+00:00,4,All lives matters!! #AllLivesMatters #BlackLivesMatter #fuckantifa pic.twitter.com/4OL4GoQtCT
410,2020-06-08 01:08:45+00:00,5,#BlackLivesMatter showing my support 
411,2020-06-08 01:05:15+00:00,5440,At the White House’s new fence. #BlackLivesMatter 
412,2020-06-08 01:03:23+00:00,10475,Terry Crews talking bout Black Supremacy and Mitt Romney protesting for #BlackLivesMatter man 2020 WILD and its only June. 
413,2020-06-08 01:02:23+00:00,11960,"ARMY have matched BTS and Big Hit Entertainment's $1,000,000 donation to #BlackLivesMatter, and surpassed it "
414,2020-06-08 01:01:49+00:00,6447,Metalheads for #BlackLivesMatter 
415,2020-06-08 01:01:43+00:00,12008,"Let's continue to actively sign petitions, inform, educate & donate whenever we are able to towards the #BlackLivesMatter movement! #2MforBLM • http://biglink.to/forBLM • https://blacklivesmatters.carrd.co/"
416,2020-06-08 01:00:47+00:00,4602,"$1,026,531 at the 24 hr mark! #2MforBLM #ARMYMatchedAMillion #BlackLivesMatter @BTS_twt"
417,2020-06-08 00:57:53+00:00,23760,"My daughter literally jumped up & down with excitement when her favorite band #BTS donated $1 million to #BlackLivesMatter causes. Now the #BTSARMY are joining forces around the world to match that contribution &amp; have already cleared $1,050,000. @BTS_twt"
418,2020-06-08 00:56:33+00:00,1203,YG leading Black Lives Matter protest in Hollywood. #FTP #BlackLivesMatter #RosecransAve
419,2020-06-08 00:55:09+00:00,8097,"A protester holds a sign outside the U.S. Capitol. It reads, “The system is not broken. It was built this way. #BlackLivesMatter.” – at US Capitol West Lawn"
420,2020-06-08 00:55:06+00:00,19226,"After BTS donated $1 MILLION to #BlackLivesMatter, their ARMY have started their own campaign to encourage donations with their #MatchAMillion movement. They’ve already met their $1M goal in less than a day and it’s still going! Visit @OneInAnARMY to find out more. #2MForBLM"
421,2020-06-08 00:52:18+00:00,520,both BTS and ARMY donated 1M dollars each to #BlackLivesMatter! i’m so proud #2MforBLM 
422,2020-06-08 00:51:33+00:00,2487,thread of petitions that still need signatures !! #2MforBLM #BlackLivesMatter
423,2020-06-08 00:50:32+00:00,30263,We did it! Awesome job everyone. The boys would be proud! @BTS_twt #BlackLivesMatter #MatchedAMillion
424,2020-06-08 00:49:15+00:00,1975,"34,900 PEOPLE DONATED $1,013,439!!!!!!!!!!!!!!!!!!!! #2MforBLM #BlackLivesMatter #MatchedTheMillion @BTS_twt"
425,2020-06-08 00:48:26+00:00,4000,"#MatchTheMillion Project - UPDATE | 9:45AM KST - after 5 minutes Raise : $25,348 Total : ONE MILLION DOLLARS WE MADE IT ARMYS! #2MforBLM #BlackLivesMatter @BTS_twt @OneInAnARMY"
426,2020-06-08 00:47:25+00:00,77275,"ARMY You #MatchedAMillion It's really amazing to see so many of you coming together to support #BlackLivesMatter. Thank you so much to everyone who donated, shared, used the hastag and helped by any means to make this possible! "
427,2020-06-08 00:47:11+00:00,18890,We as a fandom have successfully #MatchAMillion from BTS reported donation towards #BlackLivesMatter over the last 24 hours! We hope it can be great use toward a better future and more equal rights for black people. #ENDViolence Thank you @OneInAnARMY for the initiatives 
428,2020-06-08 00:46:36+00:00,7855,"June 6, 5:47 PM: Variety drops news BTS donated $1 million to #BlackLivesMatter June 7, 8:45 PM: Army fandom matches with $1 million-plus Incredible. "
429,2020-06-08 00:46:00+00:00,33686,Donations by ARMY towards #BlackLivesMatter crosses over $1 million dollars following the #MatchAMillion campaign to match @BTS_twt's $1 million contribution towards the movement! #2MforBLM
430,2020-06-08 00:36:16+00:00,3886,"Madison, Wisconsin. Right now. #BlackLivesMatter "
431,2020-06-08 00:35:45+00:00,2706,[NOTICE - NEW HASHTAGS TO USE] Let's use the hashtag #/2MforBLM after we achieve the ONE MILLION DOLLAR donation for #BlackLivesMatter . Let's use the 2 hashtags RT AND PASS IT ON @BTS_twt
432,2020-06-08 00:32:28+00:00,5863,We have officially entered The Twilight Zone on a day when Mitt Romney marches for #BlackLivesMatter and Terry Crews does the thing he does.... 
433,2020-06-08 00:32:17+00:00,84,knowledge is power #blacklivesmatter 
434,2020-06-08 00:31:52+00:00,12,I may not be able to attend the large protests in LA but Torrance had like 50 people to support #BlackLivesMatter. 
435,2020-06-08 00:30:57+00:00,13369,"We certainly have our political differences, @MittRomney, but I believe you’re a moral and ethical man with a good soul. Thank you. #BlackLivesMatter"
436,2020-06-08 00:30:29+00:00,187,his mind and heart truly beautiful since childhood @JacksonWang852 #BlackLivesMatter #TEAMWANGINDONESIA
437,2020-06-08 00:30:21+00:00,1791,"#MatchTheMillion Project - UPDATE | 9:30AM KST - after 10 minutes Raise : $16,372 Total : 965K DOLLARS ROAD TO ONE MILLION DOLLARS #BlackLivesMatter @BTS_twt @OneInAnARMY"
438,2020-06-08 00:29:03+00:00,1279,I’m a black man! I have never asked for a handout only what I have earned. I just want my sons and grandchildren and their children to grow up in a world where color has no barrier or disadvantage! #BlackLivesMatter 
439,2020-06-08 00:29:02+00:00,51,"Seattle Fire Department joins the #seattleprotests !!! No one's ever said ""f*ck the fire dept"". Thank you for bravely coming out on the side of Justice #BlackLivesMatter #DefundSPD"
440,2020-06-08 00:28:15+00:00,191, : Extraordinary turnout for the #BlackLivesMatter protest in Boston. #BostonProtest #GeorgeFloydProtests
441,2020-06-08 00:26:41+00:00,67,"If you're a black content creator, podcaster, YouTuber, streamer, etc put your link below. RT if you can. #BlackLivesMatter"
442,2020-06-08 00:26:25+00:00,93,"From 1 sign, to 1 vandalized sign, to 63 signs. If the people from small town Ohio want something to be mad about, I’ll give them something to be mad about. #BlackLivesMatter "
443,2020-06-08 00:25:20+00:00,20,EVERYONE HATES COPS EHC CREW #GeorgeFloyd #icantbreathe #blacklivesmatter #riots2020 #graffiti
444,2020-06-08 00:21:59+00:00,248,"Adam Nally is a healthcare provider in Surprise,AZ. He created an article stating 10 reasons why he doesn’t support the #BlackLivesMatter movement. Not someone who I would want caring for my self or my community "
445,2020-06-08 00:14:35+00:00,303,Important: Don't enrich companies that endorse #BlackLivesMatter. https://medium.com/@communismkills/here-are-the-companies-that-support-antifa-black-lives-matter-and-want-you-dead-1d79b1845f59
446,2020-06-08 00:13:23+00:00,2287,Unity and Love #BlackLivesMatter 
447,2020-06-08 00:13:21+00:00,2043,I love this picture so much #BlackLivesMatter 
448,2020-06-08 00:12:57+00:00,13,Oromia on my back #BlackLivesMatter 
449,2020-06-08 00:09:13+00:00,3,This is a deposit from @AfterCareFund. Thanks for your care. #BlackLivesMatter 
450,2020-06-08 00:08:17+00:00,215,"Thank you all for the positive words it means a lot, and it’s still #BlackLivesMatter"
451,2020-06-08 00:08:06+00:00,13,All I want to say rn is #BlackLivesMatter pic.twitter.com/6LRHpcTfaQ
452,2020-06-08 00:06:58+00:00,14,Melvin is painting. #BlackLivesMatter 
453,2020-06-08 00:06:30+00:00,387,If in your whole entire life you only listen to one of my songs please let it be this one. https://youtu.be/xcNIs8Il-5k #BlackLivesMatter
454,2020-06-08 00:05:19+00:00,5,#MissSA2020 #BlackLivesMatter You either play the game or watch the game play you 
455,2020-06-08 00:04:53+00:00,16,"#Trump power, money and perversions... #Epstein #OpDeathEaters #OpPedoHunt #NewYork #Paris #Anonymous justice....justice....justice...it's time #Anonymousisback #BlackLivesMatter "
456,2020-06-08 00:03:40+00:00,128,This is absolutely disgusting. How much more do we have to take?! #BlackLivesMatter #DefundThePolice
457,2020-06-08 00:03:38+00:00,36,"Greensboro, NC this afternoon. #BlackLivesMatter "
458,2020-06-08 00:03:37+00:00,5,“Racism is in fact Little Dick Energy” #BlackLivesMatter 
459,2020-06-08 00:03:37+00:00,5,Protest works. Is this real change coming? #BlackLivesMatterUK #BlackLivesMatter 
460,2020-06-08 00:03:25+00:00,191,"If your excuse is that this doesn't affect you, then I ask you to dig deep to find your concealed shred of humanity. Speak up. Show sympathy. Help us. We’re hurting. We’re tired. We're human. #BlackLivesMatter"
461,2020-06-08 00:02:42+00:00,371,Let’s fuckin do this. #BlackLivesMatter pic.twitter.com/dPPnhfwHkN
462,2020-06-08 00:02:37+00:00,32099,Antines Davis taught a group of Milwaukee protesters how to sign “#blacklivesmatter” in #ASL
463,2020-06-08 00:02:37+00:00,5,"If you aren’t part of the solution, you are part of the problem. #BlackLivesMatter #NAACP #RacismIsAVirus"
464,2020-06-08 00:02:20+00:00,3,#blacklivesmatter ALL OF THEM 
465,2020-06-08 00:02:14+00:00,193,Do not for a second think we stand anywhere else #BlackLivesMatter 
466,2020-06-08 00:02:08+00:00,8,It's sad that It took continuous death and violence for people to become aware that #BlackLivesMatter. When Black lives mattered all along. Better late than never I suppose. I am glad the rest of you are finally waking up.
467,2020-06-08 00:01:56+00:00,19, This is powerful! #GeorgeFloyd #EndRacialInjustice #BlackLivesMatter 
468,2020-06-08 00:01:55+00:00,0,Marching in Olney MD #BlackLivesMatter 
469,2020-06-08 00:01:49+00:00,7,Not believing in the #BlackLivesMatter movement is like failing an open-book test... 
470,2020-06-08 00:01:47+00:00,77,Downtown Lancaster PA #BlackLivesMatter 
471,2020-06-08 00:01:39+00:00,21,"I’m guessing this about one quarter of the crowd - that I can see. Good on you, Reston! #BlackLivesMatter "
472,2020-06-08 00:01:31+00:00,1,TRUMP IS THE THUG. Just to be clear. #BlackLivesMatter #PoliceBrutality #BLUEFALL @realDonaldTrump
473,2020-06-08 00:01:27+00:00,2,#ApexLedgends “making me proud squad” #blacklivesmatter 
474,2020-06-08 00:01:06+00:00,1,Keep going!!!!! DONT STOP PROTESTING OR FIGHTING UNTIL CHANGE IS PERMANENT!!! #BlackLivesMatter 
475,2020-06-08 00:00:55+00:00,0,#blacklivesmatter has officially revealed it's TRUE colors and lost its credibility! @realDonaldTrump @JoeBiden
476,2020-06-08 00:00:33+00:00,3,#BlackLivesMatter Staten Island showed out again 
477,2020-06-08 00:00:31+00:00,0,"While horrified by events in the US, where Police behave with violence in far too many ways, I like to believe most police are good, honest people who serve their communities well. Many now walk arm in arm in trying to manage change that is best for all. #blacklivesmatter "
478,2020-06-08 00:00:29+00:00,2,"Today in my town, everyone laid face down (PD closed to road so that no one could bother the protestors) 8 minutes & 46 seconds. #BlackLivesMatter "
479,2020-06-08 00:00:27+00:00,1,#blacklivesmatter Read more on our blog: https://buff.ly/3eNoSGb
480,2020-06-08 00:00:23+00:00,0,My condolences go out to George floyds family this injustice I'm hoping will change and the voices of not just the family but change but of the people be heard I really do hope that the system changes for the better #BlackLivesMatter
481,2020-06-08 00:00:20+00:00,202,Already up to 921k now! Keep going! We're so close! #MatchAMillion #MatchTheMillion #BlackLivesMatter 
482,2020-06-08 00:00:19+00:00,1,"#BlackLivesMatter a hashtag that’s made people avoid covid 19, cause riots and disrespect the environment we live in. Good political movement"
483,2020-06-08 00:00:16+00:00,0,"No Joann, #blacklivesmatter. See? Mark Wahlberg said #blacklivesmatter. Fixed it for you."
484,2020-06-08 00:00:14+00:00,0,So you show your support toward the LGBT community but you decide not to show any towards the #BlackLivesMatter movement? Tells us alot about our prime minister doesn't it
485,2020-06-08 00:00:14+00:00,459,"Not even land can hold this protest anymore. Paddle-out Protest off the coast of Pacifica, CA for George Floyd. #blacklivesmatter "
486,2020-06-08 00:00:13+00:00,7,love it when a twitter meme turns into a bad ass sign #BlackLivesMatter pic.twitter.com/AI0bJkCAf3
487,2020-06-08 00:00:13+00:00,0,I’m happy to say that I stan ALL these celebrities #BlackLivesMatter #NoJusticeNoPeace
488,2020-06-08 00:00:12+00:00,1,I’ve never cried this hard. It’s just heartbreaking. #ElijahMcClain #BlackLivesMatter 
489,2020-06-08 00:00:12+00:00,14,"I am Black. I am Vietnamese. Being a first generation mixed woman, doesn’t make me any less Black. I fight for both. I fight for my future and my future children who will learn the same lessons that I had to. #BlackLivesMatter "
490,2020-06-08 00:00:10+00:00,8,Will your company ever address how you stole Amina Mucciolo’s image for a doll you released last year? @StudioMucci was never offered any compensation or asked permission for your company to copy her image for a doll that you profited of. How can you support #BlackLivesMatter
491,2020-06-08 00:00:09+00:00,3,"LETS NOT STOP , ITS NOT OVER!!!HELP ANY WAY YOU CAN!! #blacklivesmatter "
492,2020-06-08 00:00:08+00:00,0,So painful #BlackLivesMatter #elephantkerala #zahrashah
493,2020-06-08 00:00:07+00:00,4,Be THIS loud when it comes to equality #BlackLivesMatter #DCProtests
494,2020-06-08 00:00:07+00:00,1,QUEEN IN THE NORTH Extremely Pregnant #SophieTurner Protested in Support of #BlackLivesMatter This Weekend 
495,2020-06-08 00:00:04+00:00,0,This caused a physical reaction in me!! #MyLifeMatters #BlackLivesMatter 
496,2020-06-08 00:00:00+00:00,18,Researchers say bots are spreading conspiracy theories about #BlackLivesMatter. 
497,2020-06-08 00:00:00+00:00,1,"Margaret Atwood, author of 'The Handmaid's Tale' and 'The Testaments' has been on my mind a lot lately. I'd say 'for no particular reason,' but that's a lie—there's a *very* particular, very obvious reason. #thehandmaidstale #thetestaments #BLM #blacklivesmatter #firstnations"
498,2020-06-08 00:00:00+00:00,2,"This young man was truly a ""broken column"" Was there any justice for him? #KaliefBrowder #BlackLivesMatter "
499,2020-06-08 00:00:00+00:00,1,2020年6月8日（月） 昨日、大阪で行われた BLACK LIVES MATTER PEACEFUL MARCH 人種差別反対行動＠大阪（OSAKA） の模様をIWJさんのリポートで（約136min.） #blacklivesmatter #blacklivesmatterjapan #blm #blmkansai #blmkansaimarch Sun. 7th. June 2020 14:57(JST) https://ssl.twitcasting.tv/iwj_areach3/movie/620535497
500,2020-06-08 00:00:00+00:00,5,Más equipos alemanes se arrodillan en la Bundesliga. #FutbolRPC #BlackLivesMatter 
501,2020-06-08 00:00:00+00:00,0,Ready to dive in deep for some necessary conversation in 1 hour with #elmusedchat Join in the conversation: Addressing Bias that Divides Us #BlackLivesMatter #checkyourprivilege #musicteachers #elementarymusicteachers #allyship #LetsGo
502,2020-06-08 00:00:00+00:00,0,#MartinLutherKing - A riot is the language of the unheard. #Grenfell #Windrush #InstitutionalRacism #Covid19 #BAMEReport #BlackLivesMatter
503,2020-06-08 00:00:00+00:00,0,#BlackLivesMatter !! 
504,2020-06-08 00:00:00+00:00,0,Watch this and don’t shed tears. You can’t. #BlackLivesMatter 
505,2020-06-08 00:00:00+00:00,9,#BTS makes generous donation to support #BlackLivesMatter #TheNews
506,2020-06-08 00:00:00+00:00,8,"Welcome to #THEBOOKCHAT. We appreciate you being here in such difficult times, and we want to reaffirm that #BlackLivesMatter. "
