,Link,Datetime,Favs,Retweets,Count
0,https://on.vh1.com/30f8El8,2020-06-13 00:00:16+00:00,558,101,1
1,http://nationalbailout.org,2020-06-13 00:00:16+00:00,558,101,1
2,http://RuPaulsDragRace.com/act,2020-06-13 00:02:29+00:00,1933,277,1
3,http://archive.vn/TvJYr,2020-06-13 00:17:42+00:00,242,172,1
4,http://archive.vn/trcG6,2020-06-13 00:21:59+00:00,253,177,1
5,http://archive.vn/C7SRH,2020-06-13 00:32:47+00:00,226,172,1
6,http://archive.vn/yXeOV,2020-06-13 00:32:47+00:00,226,172,1
7,http://archive.vn/sHgKL,2020-06-13 00:32:47+00:00,226,172,1
8,http://archive.vn/FdcS5,2020-06-13 00:34:27+00:00,229,184,1
9,http://archive.vn/YhP9V,2020-06-13 00:34:27+00:00,229,184,1
10,http://archive.vn/FW8Pq,2020-06-13 00:34:27+00:00,229,184,1
11,http://archive.vn/JnQVR,2020-06-13 00:36:01+00:00,391,289,1
12,http://archive.vn/6VRjP#selection-133.0-133.25,2020-06-13 00:36:01+00:00,391,289,1
13,http://archive.vn/3u9do,2020-06-13 00:36:01+00:00,391,289,1
14,http://archive.vn/A2yQj,2020-06-13 00:37:32+00:00,353,270,1
15,http://archive.vn/oXPzY,2020-06-13 00:37:32+00:00,353,270,1
16,http://archive.vn/kussQ,2020-06-13 00:37:32+00:00,353,270,1
17,https://www.local10.com/news/local/2020/06/12/chief-asks-downtown-businesses-to-close-early-amid-miami-protest/?utm_source=twitter&amp;utm_medium=social&amp;utm_campaign=snd&amp;utm_content=wplg10,2020-06-13 01:03:15+00:00,133,80,1
18,https://secure.actblue.com/donate/rashidforcongress,2020-06-13 01:44:50+00:00,98,73,1
19,http://theplaguenerdalogues.com/,2020-06-13 02:07:47+00:00,130,19,1
20,https://georgiebc.wordpress.com/2014/04/22/free-will-and-seductive-coercion/,2020-06-13 02:11:07+00:00,1352,106,1
21,https://trib.al/3pVhdTH,2020-06-13 02:17:07+00:00,109,29,1
22,https://buff.ly/2BN7piP,2020-06-13 03:07:03+00:00,24,11,1
23,http://chng.it/trjjpK8m,2020-06-13 03:54:45+00:00,37,37,1
24,http://tl.gd/n_1sr98gk,2020-06-13 04:13:46+00:00,322,44,1
25,https://link.medium.com/CaASwM8vd7,2020-06-13 05:03:24+00:00,55,61,1
26,https://www.thegatewaypundit.com/2018/08/historic-black-business-ownership-under-trump-jumps-400-in-one-year/,2020-06-13 06:28:35+00:00,101,126,1
27,https://www.thedailybeast.com/robert-fuller-was-found-hanging-from-a-tree-residents-say-authorities-were-too-quick-to-deem-it-suicide,2020-06-13 06:36:55+00:00,949,731,1
28,http://blackliveswillalwaysmatter.carrd.co,2020-06-13 06:39:25+00:00,293,131,3
29,http://blmsites.carrd.co,2020-06-13 06:39:25+00:00,293,131,3
30,http://moreblminfo.carrd.co,2020-06-13 06:39:25+00:00,125,79,2
31,http://protesttips.carrd.co,2020-06-13 06:39:25+00:00,91,27,1
32,http://blacklivesmatter.carrd.co,2020-06-13 06:39:25+00:00,91,27,1
33,http://useyourvoice.carrd.co,2020-06-13 06:39:25+00:00,293,131,3
34,http://blm.carrd.co,2020-06-13 06:39:25+00:00,91,27,1
35,http://acabb.carrd.co,2020-06-13 06:39:25+00:00,91,27,1
36,http://saytheirnames.carrd.co,2020-06-13 06:39:25+00:00,259,79,2
37,http://signatures.carrd.co,2020-06-13 06:39:25+00:00,91,27,1
38,http://bit.ly/3hnJ9UH,2020-06-13 07:00:00+00:00,39,15,1
39,https://bit.ly/3dZo6FY,2020-06-13 07:00:06+00:00,74,41,1
40,https://djhjmedia.com/eric/584/,2020-06-13 07:00:48+00:00,34,61,1
41,http://www.bbc.co.uk/iplayer/episode/m000jzxl,2020-06-13 07:02:01+00:00,38,12,1
42,https://m4bl.org/policy-platforms/respect-protestors/,2020-06-13 07:13:47+00:00,29,15,1
43,https://www.eventbrite.co.uk/e/black-lives-matter-we-demand-change-standuptoracism-activists-meeting-tickets-109174770678?ref=estw,2020-06-13 08:53:50+00:00,71,52,1
44,https://aje.io/zswz9,2020-06-13 10:17:09+00:00,275,83,1
45,http://englandnetball.co.uk/netball-against-racism,2020-06-13 11:00:00+00:00,239,92,1
46,https://econ.trib.al/0dRPvgk,2020-06-13 12:00:12+00:00,113,37,1
47,http://BabyNames.com,2020-06-13 12:05:09+00:00,45,17,1
48,https://www.bbc.co.uk/news/uk-53031072,2020-06-13 12:28:19+00:00,103,25,1
49,https://hongkongfp.com/2020/06/13/video-hong-kong-police-rebuke-officer-who-chanted-i-cant-breathe-and-black-lives-matter-on-frontlines,2020-06-13 12:59:04+00:00,457,460,1
50,http://blackyouthproject.com/our-calls-to-action-against-anti-black-state-violence-cannot-be-ableist/,2020-06-13 13:22:33+00:00,169,108,1
51,https://translate.google.com/translate?hl=&amp;sl=sv&amp;tl=en&amp;u=https%3A%2F%2Fnyheteridag.se%2Flarry-elder-black-lives-matter-ar-skadligt-for-usa-och-bygger-pa-en-logn%2F%3Fklkl,2020-06-13 13:59:05+00:00,1132,340,1
52,https://www.alamy.com/news/?4033053,2020-06-13 14:05:14+00:00,127,140,1
53,https://picarto.tv/KitsuneKit,2020-06-13 14:55:30+00:00,266,160,2
54,https://paypal.me/pools/c/8pXhugVZ17,2020-06-13 14:55:30+00:00,266,160,2
55,http://rangercommand.com/ranger-command-power-hour-episode-161/,2020-06-13 15:31:21+00:00,66,47,1
56,https://www.telegraph.co.uk/news/2020/06/13/black-lives-matter-protests-london-statues-racism-churchill/,2020-06-13 15:32:06+00:00,138,84,1
57,https://www.liverpoolecho.co.uk/news/liverpool-news/live-updates-liverpool-black-lives-18415029?123,2020-06-13 15:33:06+00:00,82,17,1
58,http://saytheirnames.io/,2020-06-13 16:01:25+00:00,90,76,1
59,http://nestorgomezstoryteller.com/immigration-stories.html,2020-06-13 16:04:37+00:00,20493,4080,30
60,https://exposingpedovore.wordpress.com/2019/02/22/adrenochrome-associated-with/amp/,2020-06-13 16:04:49+00:00,211,124,1
61,https://www.c-span.org/video/?c4454847/vice-president-biden-eulogizes-senator-byrd%3C/a,2020-06-13 16:16:38+00:00,106,182,1
62,https://www.columbusalive.com/news/20200612/we-were-terrified-and-confused-curious-case-of-colorful-school-bus?fbclid=IwAR0TLGG1dD9K_m6iJgiZd6zC5cGvY6DFlaNnZgbhVot4S-NNir72nWri4Sk,2020-06-13 16:18:04+00:00,69,46,1
63,https://buff.ly/2BNDM0P,2020-06-13 16:20:02+00:00,293,164,1
64,http://hill.cm/dRYDDT7,2020-06-13 16:36:19+00:00,69,24,1
65,http://lafaceskincare.com,2020-06-13 16:46:24+00:00,112,74,1
66,https://econ.trib.al/wZnb8RU,2020-06-13 17:00:12+00:00,85,31,1
67,https://congregatecville.com/,2020-06-13 17:07:25+00:00,34,29,1
68,https://www.google.com/amp/s/www.denverpost.com/2019/10/23/dr-justina-ford-denver-first-female-african-american-doctor/amp/,2020-06-13 17:08:52+00:00,378,90,1
69,http://bobmoran.co.uk,2020-06-13 17:25:41+00:00,153,64,1
70,http://telegraph.co.uk/bobprints,2020-06-13 17:25:41+00:00,153,64,1
71,https://sixnineteen.com,2020-06-13 17:30:50+00:00,85,36,1
72,https://www.them.us/story/dominique-remmie-fells-riah-milton-transphobic-violence,2020-06-13 17:57:45+00:00,453,365,1
73,http://bit.ly/3fbCNFY,2020-06-13 18:00:01+00:00,84,22,1
74,https://www.portlandoregon.gov/police/news/read.cfm?id=250878,2020-06-13 18:00:05+00:00,1417,921,1
75,http://www.bbthrpridesummit.com,2020-06-13 18:13:38+00:00,255,31,1
76,https://bit.ly/30CL5me,2020-06-13 18:45:25+00:00,804,329,1
77,https://action.aclu.org/petition/divest-police-invest-black-and-brown-communities,2020-06-13 19:04:26+00:00,960,537,1
78,http://bit.ly/submit-your-bstox-event,2020-06-13 19:38:12+00:00,71,60,2
79,http://www.barbarasueko.com/finished-hoops/racism-is-small-dick-energy,2020-06-13 20:09:41+00:00,139,28,1
80,https://thefederalist.com/2020/06/12/why-supporting-black-lives-matter-is-anti-christian-and-anti-life/,2020-06-13 20:16:35+00:00,55,61,1
81,https://www.nytimes.com/interactive/2020/06/13/us/george-floyd-protests-cities-photos.html,2020-06-13 20:28:22+00:00,474,178,1
82,http://everydayamericanjoe.com,2020-06-13 20:34:36+00:00,133,86,1
83,https://everydayamericanjoe.com/images/video/IllRemember.mp4,2020-06-13 20:34:36+00:00,133,86,1
84,http://tampabay.com,2020-06-13 21:10:12+00:00,107,45,1
85,http://MLive.com,2020-06-13 21:26:13+00:00,272,80,1
86,https://linktr.ee/BigJon,2020-06-13 21:30:17+00:00,292,176,1
87,https://horaro.org/stopandcease/schedule,2020-06-13 21:30:17+00:00,292,176,1
88,http://freedomplatform.tv/icke,2020-06-13 21:40:00+00:00,1850,795,9
89,https://www.rawstory.com/2020/06/atlantas-police-chief-is-out-and-the-mayor-is-demanding-the-immediate-termination-of-cop-who-shot-rayshard-brooks/,2020-06-13 22:39:16+00:00,62,19,1
90,https://www.bloomberg.com/amp/opinion/articles/2020-06-13/rio-tinto-s-demolition-of-sacred-site-doesn-t-match-its-image?__twitter_impression=true,2020-06-13 22:40:01+00:00,67,35,1
91,http://vogue.cm/DDGzaSe,2020-06-13 23:11:45+00:00,293,42,1
92,https://slefworth.com/2020/06/09/shukri-abdi-caroline-bailey-why-this-school-in-uk-is-responsible-for-their-deaths/,2020-06-13 23:31:09+00:00,50,70,1
93,https://www.change.org/p/manchester-police-justice-for-shukri-abdi?recruiter=1100170134&amp;utm_source=share_petition&amp;utm_medium=twitter&amp;utm_campaign=psf_combo_share_message&amp;utm_term=bf73be4514d04db883787948c9caad7d&amp;recruited_by_id=58b6ffe0-a2e5-11ea-8400-038497d9f030&amp;share_bandit_exp=message-16460961-en-GB&amp;share_bandit_var=v1,2020-06-13 23:31:09+00:00,50,70,1
94,https://www.change.org/p/palmdale-pd-robert-fuller-was-found-dead-june-10-2020-after-he-was-found-hanging-from-a-tree-in-ca?utm_content=cl_sharecopy_22789473_en-US%3Av3&amp;recruiter=1018078905&amp;recruited_by_id=c91a40b0-04a4-11ea-80e6-ed642f574480&amp;utm_source=share_petition&amp;utm_medium=copylink&amp;utm_campaign=psf_combo_share_initial,2020-06-13 23:32:43+00:00,55,11,1
95,https://twit.tv/posts/inside-twit/we-believe-black-lives-matter,2020-06-13 23:42:04+00:00,122,17,1
96,https://www.change.org/p/andy-beshear-justice-for-breonna-taylor,2020-06-14 00:00:00+00:00,3269,531,3
97,https://thejeffreylord.com/rioters-vandalized-monument-to-black-civil-war-regiment/,2020-06-14 00:08:37+00:00,189,180,1
98,https://horaro.org/calithonstandtogether/schedule,2020-06-14 00:15:13+00:00,94,60,1
99,https://action.justiceforbreonna.org/sign/BreonnaWasEssential/,2020-06-14 00:17:39+00:00,2472,475,1
100,https://www.nationalreview.com/2015/10/police-shootings-race-excessive-force/,2020-06-14 00:21:23+00:00,397,163,1
101,https://iranwire.com/en/features/933,2020-06-14 00:36:49+00:00,101,71,1
102,https://www.change.org/p/victorville-justice-for-malcom-harsch,2020-06-14 00:56:07+00:00,73,71,1
103,http://blacklivesmatters.carrd.co,2020-06-14 00:58:05+00:00,282,144,3
104,https://moreblminfo.carrd.co,2020-06-14 00:58:05+00:00,80,40,1
105,t.co/YkbYKFXtp3,2020-06-14 01:31:03+00:00,63,34,1
106,http://bit.ly/yjctoolkit,2020-06-14 02:32:43+00:00,25,15,1
107,https://www.seattletimes.com/seattle-news/seattle-area-protests-live-updates-on-saturday-june-13/,2020-06-14 02:42:37+00:00,198,36,1
108,https://www.portlandoregon.gov/police/news/read.cfm?id=250877,2020-06-14 03:12:26+00:00,1104,620,1
109,http://archive.vn/m5K6J#selection-560.54-560.55,2020-06-14 03:12:26+00:00,1104,620,1
110,http://u.afp.com/3Wpf,2020-06-14 03:20:00+00:00,133,94,1
111,https://atlsolidarity.org/,2020-06-14 03:21:27+00:00,261,93,1
112,http://archive.vn/RfD1y,2020-06-14 03:22:30+00:00,349,289,1
113,http://archive.vn/Wad0F,2020-06-14 03:22:30+00:00,349,289,1
114,http://archive.vn/A0gIr,2020-06-14 03:24:02+00:00,379,314,1
115,http://archive.vn/dsgkt,2020-06-14 03:24:02+00:00,379,314,1
116,http://archive.vn/FaULd,2020-06-14 03:28:29+00:00,282,179,1
117,http://archive.vn/k3CtG,2020-06-14 03:28:29+00:00,282,179,1
118,http://archive.vn/7cigj,2020-06-14 03:28:29+00:00,282,179,1
119,http://archive.vn/S2eYA,2020-06-14 03:32:56+00:00,580,345,1
120,http://archive.vn/1nw38,2020-06-14 03:32:56+00:00,580,345,1
121,https://github.com/chancancode/branch-rename/,2020-06-14 03:39:29+00:00,205,97,1
122,https://bbc.in/2C4wMgc,2020-06-14 04:00:04+00:00,33,11,1
123,http://u.afp.com/3Wpp,2020-06-14 04:10:00+00:00,57,30,1
124,https://apnews.com/afs:Content:9043930562,2020-06-14 05:00:54+00:00,372,207,1
125,https://www.mediamatters.org/fake-news/debunked-conspiracy-theory-about-black-lives-matter-actblue-and-democrats-can-be-traced,2020-06-14 05:00:54+00:00,372,207,1
126,https://www.factcheck.org/2020/06/donations-to-black-lives-matter-group-dont-go-to-dnc/,2020-06-14 05:00:54+00:00,372,207,1
127,https://www.politifact.com/factchecks/2020/jun/12/ryan-fournier/conservative-pundits-share-false-claim-about-black/,2020-06-14 05:00:54+00:00,372,207,1
128,https://factcheck.thedispatch.com/p/is-black-lives-matter-a-shell-company,2020-06-14 05:00:54+00:00,372,207,1
129,https://www.gofundme.com/f/23cdd3-going-back-to-my-roots?utm_source=customer&amp;utm_campaign=p_cp+share-sheet&amp;utm_medium=copy_link-tip,2020-06-14 05:09:21+00:00,87,114,1
130,https://timesofindia.indiatimes.com/blogs/Swaminomics/dalitlivesmatter-why-we-dont-care-about-this-hashtag/,2020-06-14 05:16:03+00:00,49,16,1
131,https://www.gofundme.com/f/21dq19fqc0?utm_medium=social&amp;utm_source=twitter&amp;utm_campaign=p_na+share-sheet&amp;rcid=098d9e99e2f240c6b467d84e01573f8e,2020-06-14 06:10:26+00:00,43,54,1
132,https://abc7ne.ws/2UIjKLH,2020-06-14 06:41:05+00:00,81,50,1
133,https://www.esquire.com/news-politics/a23960/james-baldwin-cool-it/,2020-06-14 06:47:25+00:00,240,73,1
134,https://bit.ly/BlackBirthsMatter,2020-06-14 07:00:00+00:00,99,46,2
135,http://aje.io/ug45x,2020-06-14 09:30:00+00:00,335,100,1
136,http://www.sixnineteen.com,2020-06-14 11:00:08+00:00,112,63,2
137,https://www.writetothem.com,2020-06-14 11:17:40+00:00,81,44,1
138,https://www.thestar.com/opinion/contributors/2020/06/13/i-saw-no-examples-of-black-corporate-leaders-talking-about-systemic-racism-so-im-speaking-up.html,2020-06-14 11:23:32+00:00,189,89,1
139,https://www.reuters.com/article/us-minneapolis-police-protests-britain-v-idUSKBN23K0QI?taid=5ee51d80cc071f00018dc7ed,2020-06-14 11:30:03+00:00,76,44,1
140,https://www.thetimes.co.uk/edition/news/cps-accused-of-racism-over-death-of-boy-pushed-into-river-nklxqcdp0,2020-06-14 12:04:11+00:00,77,80,1
141,https://achieve.lausd.net/Page/12252,2020-06-14 12:17:56+00:00,89,25,1
142,https://drive.google.com/drive/folders/1k1rfk3tA-iH1jzD8hCnW7VfOEcRdWLDz?usp=sharing,2020-06-14 12:17:56+00:00,89,25,1
143,http://blm-helpfullinks.carrd.co,2020-06-14 12:19:18+00:00,34,52,1
144,http://forjusticeforpeace.carrd.co,2020-06-14 12:19:18+00:00,34,52,1
145,https://saytheirnames.carrd.co/,2020-06-14 12:19:18+00:00,34,52,1
146,https://pendingpetition.carrd.co/,2020-06-14 12:19:18+00:00,34,52,1
147,https://thehill.com/blogs/pundits-blog/crime/298693-hillary-clintons-superpredators-still-the-most-damaging-insult-by,2020-06-14 12:42:58+00:00,414,242,1
148,https://threader.app/thread/1272147418465755136,2020-06-14 12:45:44+00:00,57,52,1
149,http://nott.ac.uk/blm,2020-06-14 12:50:00+00:00,49,14,1
150,https://nyheteridag.se/bard-martin-luther-king-hade-hatat-black-lives-matter/,2020-06-14 12:51:46+00:00,889,111,1
151,https://www.bbc.co.uk/bbcthree/article/98703095-41da-45e7-883c-d92370e89920,2020-06-14 12:52:59+00:00,63,17,1
152,https://bit.ly/3hpbp9l,2020-06-14 13:00:03+00:00,30,18,1
153,https://on.cc.com/2Yu2R8H,2020-06-14 13:00:30+00:00,638,109,1
154,https://rothfelslab.berkeley.edu/2020/06/04/the-rothfels-lab-stands-against-racism-everywhere/,2020-06-14 13:22:37+00:00,39,16,1
155,https://gothamist.com/news/live-protest-updates-june-13-2020,2020-06-14 13:32:45+00:00,174,64,1
156,https://gothamist.com/news/photos/photos-scenes-protests-june-13-2020-manhattan-and-brooklyn?image=2,2020-06-14 13:32:45+00:00,174,64,1
157,https://w.wiki/TvC,2020-06-14 13:34:44+00:00,77,45,1
158,http://juneteenth.ohub.at/,2020-06-14 13:58:27+00:00,134,60,1
159,http://www.tinyurl.com/hwsagainstracism,2020-06-14 14:34:57+00:00,51,23,1
160,https://shar.es/aHLz6o,2020-06-14 14:37:54+00:00,43,36,1
161,https://bit.ly/3fh5Nwk,2020-06-14 14:45:03+00:00,314,97,1
162,https://www.ronalddraperart.com/product-page/resist,2020-06-14 15:28:15+00:00,32,23,1
163,https://blacklivesmatters.carrd.co/,2020-06-14 15:35:30+00:00,3282,1090,4
164,https://trans--rights.carrd.co/,2020-06-14 15:35:30+00:00,102,5,1
165,https://www.newyorker.com/culture/cover-story/cover-story-2020-06-22,2020-06-14 15:37:18+00:00,11668,4892,2
166,http://www.uhi.ac.uk/redbutton,2020-06-14 15:39:59+00:00,106,45,1
167,https://www.americanthinker.com/articles/2020/06/stereotyping_for_thee_but_not_for_me_the_lawless_states_of_america.html,2020-06-14 15:56:13+00:00,64,62,1
168,http://FREEDOMPLATFORM.TV/ICKE,2020-06-14 16:55:21+00:00,207,130,1
169,https://www.startribune.com/officers-slashed-tires-on-vehicles-parked-during-mpls-protests-unrest/571105692/,2020-06-14 17:01:51+00:00,486,329,1
170,https://www.theokraproject.com/,2020-06-14 17:10:58+00:00,216,197,4
171,https://www.tampabay.com/news/tampa/2020/06/14/while-protests-continue-tampas-trump-supporters-take-the-day-to-celebrate-on-the-bay/,2020-06-14 17:18:02+00:00,33,11,1
172,http://5calls.org,2020-06-14 17:18:24+00:00,35,12,1
173,https://alphanewsmn.com/alpha-news-sunday-cartoon-sleep-walzing/,2020-06-14 17:28:22+00:00,227,148,1
174,https://www.cornwalllive.com/news/cornwall-news/gallery/cornwall-surfers-stage-mass-black-4225424,2020-06-14 17:29:24+00:00,117,27,1
175,https://beefanddairynetwork.bandcamp.com,2020-06-14 17:33:29+00:00,86,17,1
176,https://twistedsifter.com/2020/06/stolen-portraits-by-adrian-brandon/?fbclid=IwAR2SChghIMZDsU8kZjuPxWmdiU6C93a5afiAU9TmXLjJH03h6td8yUKm31s,2020-06-14 17:41:11+00:00,182,94,1
177,http://breachrepairers.org/livestream,2020-06-14 18:00:28+00:00,152,61,1
178,https://bit.ly/2UImWXD,2020-06-14 18:09:20+00:00,188,26,1
179,http://shop-bohemianfc.com/collections/re…,2020-06-14 18:14:47+00:00,141,23,1
180,http://shop-bohemianfc.com/collections/bo…,2020-06-14 18:14:47+00:00,141,23,1
181,http://bohemianfc.com/?page_id=15495,2020-06-14 18:14:47+00:00,141,23,1
182,https://www.eventbrite.co.uk/e/blacklivesmatter-we-demand-change-open-forum-hosted-by-stand-up-to-racism-tickets-109174,2020-06-14 18:23:55+00:00,64,43,1
183,http://Vote.gov,2020-06-14 18:47:22+00:00,312,18,1
184,http://bit.ly/localbailfunds,2020-06-14 18:57:22+00:00,810,317,1
185,https://www.channel4.com/news/man-who-saved-protestor-at-london-rally-speaks-as-police-reveal-100-were-arrested,2020-06-14 18:59:51+00:00,638,166,2
186,https://ktla.com/news/local-news/all-black-lives-matter-protest-set-to-begin-in-hollywood-sunday-morning/,2020-06-14 19:27:38+00:00,252,95,1
187,https://www.gofundme.com/f/community-support-for-robert-fuller?utm_source=customer&amp;utm_campaign=p_cp+share-sheet&amp;utm_medium=copy_link-tip,2020-06-14 19:42:56+00:00,110,50,1
188,https://signatures.carrd.co,2020-06-14 19:42:56+00:00,110,50,1
189,https://docs.google.com/document/d/e/2PACX-1vSrT26HMWX-_hlLfiyy9s95erjkOZVJdroXYkU-miaHRk58duAnJIUWKxImRkTITsYhwaFkghS8sfIF/pub,2020-06-14 19:42:56+00:00,110,50,1
190,https://mailchi.mp/cb12991235c0/hope-is-a-discipline,2020-06-14 19:43:24+00:00,39,25,1
191,https://www.ajc.com/news/crime--law/man-arrested-after-shooting-deputies-outside-spalding-county-home-cops-say/9ntT3ybM6SvGYyxnXIEF8J/,2020-06-14 19:52:42+00:00,91,84,1
192,http://abc7ne.ws/2UIjKLH,2020-06-14 20:05:00+00:00,559,205,1
193,http://nyer.cm/aDxGTud,2020-06-14 20:11:11+00:00,86,33,1
194,https://abc7ne.ws/37uF3pe,2020-06-14 20:22:18+00:00,853,334,1
195,https://www.theepochtimes.com/deer-runs-into-black-lives-matter-protest-woman-injured_3387990.html,2020-06-14 20:25:01+00:00,187,78,1
196,https://bit.ly/2MTTgmi,2020-06-14 21:18:25+00:00,229,123,1
197,https://github.com/mheap/github-default-branch,2020-06-14 21:18:48+00:00,114,44,1
198,https://www.savetjs130.com/home,2020-06-14 21:28:07+00:00,449,518,1
199,https://www.facingsouth.org/2020/06/bitter-history-behind-highways-occupied-protesters,2020-06-14 21:40:26+00:00,118,83,1
200,https://www.latimes.com/california/story/2020-06-14/protesters-march-hollywood-to-west-hollywood-call-for-racial-justice,2020-06-14 21:51:22+00:00,21,11,1
201,http://nestorgomezstoryteller.com/video.html,2020-06-14 22:13:20+00:00,6620,952,11
202,https://en.as.com/en/2020/06/14/football/1592151987_093948.html,2020-06-14 22:31:44+00:00,61,10,1
203,https://www.tamilguardian.com/content/swiss-tamils-show-solidarity-black-lives-matter-protests,2020-06-14 23:02:33+00:00,138,52,1
204,https://www.savetjs130.com/statement,2020-06-14 23:10:53+00:00,136,69,1
205,https://www.seattletimes.com/seattle-news/seattle-area-protests-live-updates-on-sunday-june-14/,2020-06-14 23:23:39+00:00,127,47,1
206,https://bit.ly/2UJY3eb,2020-06-15 00:00:27+00:00,66,14,1
207,http://orlando.gov/councilcomment,2020-06-15 00:00:31+00:00,8,2,1
208,https://www.highsnobiety.com/p/support-black-lives-matter-causes-with-these-charity-t-shirts-and-more/,2020-06-15 00:01:05+00:00,1,0,1
209,https://boxd.it/Y552,2020-06-15 00:11:49+00:00,278,101,1
210,https://trans--rights.carrd.co,2020-06-15 00:11:49+00:00,452,179,2
211,https://blacklivesmatters.carrd.co,2020-06-15 00:11:49+00:00,10119,1948,3
212,https://time.com/5042560/libya-slave-trade/?fbclid=IwAR3_HH4PbLYDiqgj4OpMwYkPosmyGuqRthQYqCre6dHXhNFZeV4OPF2GuMY,2020-06-15 00:41:05+00:00,49,31,1
213,https://www.theokraproject.com,2020-06-15 00:43:50+00:00,82,29,1
214,https://www.nbcnews.com/news/us-news/police-killing-rayshard-brooks-atlanta-ruled-homicide-n1231042,2020-06-15 01:27:35+00:00,378,212,2
215,https://www.axios.com/national-guard-cost-protests-7dcac0c8-68ff-4a99-b022-174317904d5e.html,2020-06-15 01:30:38+00:00,195,190,1
216,https://anthrocon.org,2020-06-15 02:08:00+00:00,1092,252,1
217,https://www.theguardian.com/world/2020/jun/14/rayshard-brooks-shooting-protesters-set-fire-to-restaurant-where-black-man-shot-dead,2020-06-15 03:48:29+00:00,32,15,1
218,https://www.npr.org/2020/06/03/869176943/police-unions-and-civilian-deaths,2020-06-15 03:48:53+00:00,68,48,1
219,https://abc7ne.ws/30LMhDZ,2020-06-15 03:55:56+00:00,79,15,1
220,https://link.medium.com/KKU9dQTok7,2020-06-15 03:57:33+00:00,29,25,1
221,https://instagr.am/p/CBcTTMbheEv/,2020-06-15 04:25:31+00:00,250,50,1
222,https://qz.com/africa/1868699/from-african-american-freedom-to-ethiopias-war-against-fascism/,2020-06-15 05:37:41+00:00,78,12,1
223,https://www.sbs.com.au/news/afl-players-take-a-knee-in-support-of-black-lives-matter-movement?cid=newsapp:socialshare:twitter,2020-06-15 05:41:03+00:00,79,37,1
224,https://buff.ly/3hmVo41,2020-06-15 06:01:19+00:00,122,48,1
225,https://www.thestranger.com/slog/2020/06/14/43907515/capitol-hill-trader-joes-crew-members-speak-out-after-corporate-closes-store-indefinitely,2020-06-15 06:52:26+00:00,41,45,2
226,https://savetjs130.com,2020-06-15 06:52:26+00:00,41,45,2
227,https://buff.ly/2BZHjJo,2020-06-15 07:00:54+00:00,124,57,1
228,http://aje.io/f59l3,2020-06-15 08:20:18+00:00,368,144,1
229,https://bit.ly/2MVdXxY,2020-06-15 08:20:58+00:00,132,30,1
230,http://solo.bodleian.ox.ac.uk/permalink/f/o3iafp/oxfaleph020899230,2020-06-15 08:28:24+00:00,46,14,1
231,http://archive.vn/IQFCI#selection-133.0-133.17,2020-06-15 08:28:57+00:00,563,380,1
232,http://archive.vn/x7krq#selection-133.0-133.18,2020-06-15 08:28:57+00:00,563,380,1
233,http://archive.vn/YNjRt,2020-06-15 08:31:53+00:00,466,355,1
234,http://archive.vn/GLlBk,2020-06-15 08:31:53+00:00,466,355,1
235,http://archive.vn/ChYuc,2020-06-15 08:31:53+00:00,466,355,1
236,https://bit.ly/2BaByYS,2020-06-15 08:43:29+00:00,200,73,2
237,https://aje.io/l3fpq,2020-06-15 08:45:00+00:00,248,65,1
238,https://news.sky.com/story/black-lives-matter-slave-trader-colstons-name-removed-from-bristols-main-music-venue-12007045,2020-06-15 08:47:39+00:00,50,22,1
239,https://bit.ly/30wPwz5,2020-06-15 09:14:50+00:00,348,217,4
240,https://www.bbc.co.uk/schedules/p00fzl6b,2020-06-15 09:22:45+00:00,402,110,1
241,https://assets.publishing.service.gov.uk/government/uploads/system/uploads/attachment_data/file/643001/lammy-review-final-report.pdf,2020-06-15 09:25:45+00:00,61,25,1
242,https://assets.publishing.service.gov.uk/government/uploads/system/uploads/attachment_data/file/655401/Report_of_Angiolini_Review_ISBN_Accessible.pdf,2020-06-15 09:25:45+00:00,61,25,1
243,https://assets.publishing.service.gov.uk/government/uploads/system/uploads/attachment_data/file/874022/6.5577_HO_Windrush_Lessons_Learned_Review_WEB_v2.pdf,2020-06-15 09:25:45+00:00,61,25,1
244,https://assets.publishing.service.gov.uk/government/uploads/system/uploads/attachment_data/file/594336/race-in-workplace-mcgregor-smith-review.pdf,2020-06-15 09:25:45+00:00,61,25,1
245,https://www.folia.nl/international/138739,2020-06-15 09:31:28+00:00,60,20,1
246,https://open.spotify.com/episode/2tx1oxBj9T6bt5t5f107EL?si=KURhOl9JSke1Y1cx8_F6HQ,2020-06-15 10:02:17+00:00,269,132,1
247,https://podcasts.apple.com/gb/podcast/the-beautiful-game-podcast/id1464558689#episodeGuid=https%3A%2F%2Fapi.spreaker.com%2Fepisode%2F30537219,2020-06-15 10:02:17+00:00,269,132,1
248,https://bit.ly/3fcNwzX,2020-06-15 10:20:31+00:00,79,35,1
249,http://tl.gd/n_1sr9at2,2020-06-15 10:21:55+00:00,128,75,1
250,https://aje.io/ua66r,2020-06-15 10:45:00+00:00,483,164,1
251,https://www.cmhc-schl.gc.ca/en/media-newsroom/notices/2020/our-commitment-black-lives-matter,2020-06-15 11:12:38+00:00,67,18,1
252,http://bit.ly/3fcNwzX,2020-06-15 11:14:58+00:00,26,17,1
253,http://f24.my/2vUv.T,2020-06-15 11:24:25+00:00,78,69,1
254,https://amzn.to/3e5eeKG,2020-06-15 11:38:45+00:00,69,53,1
255,https://www.nytimes.com/2020/06/15/opinion/black-lives-matter-corporate-pledges.html?smid=tw-share,2020-06-15 12:34:14+00:00,64,15,1
256,https://tinyurl.com/yckksj4p,2020-06-15 12:44:39+00:00,146,115,1
257,https://www.project-syndicate.org/commentary/zimbabwe-people-power-strengthens-rule-of-law-by-doug-coltart-2020-06,2020-06-15 12:52:56+00:00,174,57,1
258,https://bit.ly/2N1gGpS,2020-06-15 12:58:11+00:00,56,19,1
259,https://www.biography.com/political-figure/robert-c-byrd,2020-06-15 13:29:49+00:00,229,357,1
260,https://www.bloomberg.com/news/articles/2020-06-15/-black-lives-matter-banner-removed-at-u-s-embassy-in-seoul,2020-06-15 13:53:48+00:00,132,118,2
261,https://www.cnn.com/2020/06/15/politics/us-embassy-seoul-blm-banner/index.html,2020-06-15 14:01:58+00:00,648,469,1
262,https://legalinsurrection.com/2020/06/branco-cartoon-law-and-disorder/,2020-06-15 14:04:30+00:00,560,360,1
263,https://www.parkinsons.org.uk/news/our-response-black-lives-matter,2020-06-15 14:06:20+00:00,97,39,1
264,https://journals.sagepub.com/eprint/KXW5A3ZXUUHM45YGBEVZ/full,2020-06-15 14:13:54+00:00,311,140,1
265,https://www.foxnews.com/us/florida-wildlife-conservation-officer-shot-dead,2020-06-15 14:20:37+00:00,4998,2256,1
266,https://www.massincpolling.com/the-topline/2020/6/10/poll-more-renters-falling-behind-as-economic-toll-of-covid-spreads-in-massachusetts,2020-06-15 14:29:22+00:00,35,36,1
267,https://blacknessinlatinxgreekorganiza.splashthat.com,2020-06-15 14:33:06+00:00,27,17,1
268,https://bit.ly/2YBFeLl,2020-06-15 14:40:00+00:00,257,48,1
269,https://docs.google.com/document/d/e/2PACX-1vSAwxogD-V1vRygP3oZjCJtLJvu5YBE_0qmYkitoNKyxm-pciftHUA15amwFkk9oK1oILYaSz3h3Qfj/pub,2020-06-15 14:52:38+00:00,60,13,1
270,http://empowerment.tools,2020-06-15 15:17:12+00:00,43,19,1
271,https://susanmlane.com/excerpts/f/in-black-and-white,2020-06-15 15:17:21+00:00,50,55,1
272,https://www.change.org/FreeNekoNow,2020-06-15 15:45:00+00:00,597,388,1
273,https://therednation.org/2020/06/15/statement-of-solidarity-with-blacklivesmatter/,2020-06-15 15:59:49+00:00,232,56,1
274,http://www.pb-resources.com,2020-06-15 16:11:06+00:00,84,55,1
275,http://chng.it/wFtX5qbrKN,2020-06-15 16:21:27+00:00,386,167,1
276,https://www.furnalequinox.com/2020/06/15/announcement-of-fes-stance-on-blacklivesmatter/,2020-06-15 16:30:29+00:00,125,47,1
277,https://udayton.co/Jb6/,2020-06-15 17:15:02+00:00,115,34,1
278,http://mixcloud.com/SixteenMillionRising/smr-ep63-black-lives-matter,2020-06-15 17:32:09+00:00,47,50,1
279,https://16millionrising.wixsite.com/16millionrising,2020-06-15 17:32:09+00:00,47,50,1
280,http://teatime.pictures/blm/,2020-06-15 17:37:51+00:00,2391,428,1
281,https://www.eventbrite.com/e/diversity-equity-inclusion-in-the-workplace-tickets-109553206590,2020-06-15 17:42:24+00:00,117,40,1
282,https://bit.ly/3d2bP2k,2020-06-15 17:48:00+00:00,1350,621,1
283,https://spoti.fi/37z7BOg,2020-06-15 18:10:20+00:00,198,42,1
284,https://www.infowars.com/de-blasio-orders-gates-welded-shut-at-jewish-park-while-approving-mass-blm-gatherings/,2020-06-15 18:12:19+00:00,174,383,1
285,https://instagram.com/stories/msjaimemurray/2332185609678329569?utm_source=ig_story_item_share&amp;igshid=1c9mbn2xzemmy,2020-06-15 18:17:14+00:00,139,12,1
286,https://apnews.com/0f0ad8d53cb8723467e432d3ca6169f9,2020-06-15 18:23:56+00:00,63,51,1
287,http://discord.gg/porterrobinson,2020-06-15 18:33:19+00:00,159,49,1
288,https://aje.io/by4wt,2020-06-15 18:35:27+00:00,145,69,1
289,https://www.nydailynews.com/opinion/ny-oped-bowie-mtv-racism-20200615-g2eyasw53nbuvfxxci6uum77c4-story.html,2020-06-15 18:37:49+00:00,89,48,1
290,https://spoti.fi/2AK6NK8,2020-06-15 18:51:54+00:00,25,17,1
291,https://bit.ly/3fs9b7q,2020-06-15 18:57:00+00:00,34,30,1
292,http://Mariners.com/BlackLivesMatter,2020-06-15 19:04:00+00:00,108,22,1
293,https://bit.ly/3fswYV2,2020-06-15 19:15:03+00:00,136,32,1
294,https://www.epi.org/blog/open-letter-to-economic-institutions-black-lives-matter/,2020-06-15 19:20:07+00:00,25,19,1
295,https://sdsubgsa.weebly.com/petition.html,2020-06-15 19:21:46+00:00,137,92,1
296,https://philadelphia.cbslocal.com/2020/06/09/nyques-davis-tavon-starkey-keyonte-watkins-danielle-showell-sulayman-womack-people-charged-in-shooting-death-of-13-year-old-boy-in-chester/,2020-06-15 19:27:11+00:00,603,764,1
297,https://bit.ly/BUKU-TAP1,2020-06-15 19:32:28+00:00,46,35,1
298,http://www.bbc.co.uk/iplayer/episode/b0bw8f21,2020-06-15 19:59:59+00:00,84,50,1
299,https://www.thedealersden.com/listing/charity-auction-collaborative-wolf-head-all-proceeds-go-to-blmlgbt-causes/167929,2020-06-15 20:05:48+00:00,134,40,1
300,http://unf.pa/mt6,2020-06-15 20:11:03+00:00,41,22,1
301,https://www.channel4.com/news/labour-demands-action-not-reviews-after-boris-johnson-announces-racial-inequality-commission,2020-06-15 20:18:57+00:00,150,55,1
302,https://campaigns.organizefor.org/petitions/sag-aftra-stop-supporting-the-police-union,2020-06-15 20:32:10+00:00,83,21,1
303,http://unglobalcompact.org/news/4573-06-02-2020,2020-06-15 20:38:36+00:00,52,25,1
304,http://www.academics4BlackLives.com,2020-06-15 20:42:42+00:00,72,25,1
305,https://www.kentlive.news/news/news-opinion/youve-criticised-black-lives-matter-4229846,2020-06-15 20:46:20+00:00,69,31,1
306,https://bddy.me/2Y2PX2j,2020-06-15 20:50:25+00:00,177,65,1
307,https://www.sfwp.com/changed-behavior-sfwp-and-the-future-of-a-historically-white-press/,2020-06-15 21:27:39+00:00,82,14,1
308,http://mala.la/3hCOI1V,2020-06-15 21:51:22+00:00,265,79,1
309,https://news.yahoo.com/protesters-face-life-prison-over-police-car-attacks-233639293.html,2020-06-15 22:29:05+00:00,119,65,1
310,https://abc7ne.ws/3fimg38,2020-06-15 22:42:04+00:00,223,57,1
311,https://www.the7thmatrix.com/eosfpodcast/2020/6/15/episode-100-black-lives-matter,2020-06-15 22:50:52+00:00,30,21,1
312,https://www.lawenforcementtoday.com/bodycam-footage-of-shooting-proves-naacp-pushing-false-information/,2020-06-15 23:25:36+00:00,59,72,1
313,https://apnews.com/00d5f3f25c869d79a02230a95dc23667,2020-06-15 23:56:17+00:00,60,27,1
314,https://paypal.me/pools/c/8pYB9toFQW,2020-06-15 23:45:24+00:00,923,166,1
315,https://bit.ly/2Alr3lt,2020-06-16 00:00:00+00:00,0,0,2
316,http://bit.ly/2zo1qjx,2020-06-16 00:00:00+00:00,0,0,1
317,https://buff.ly/2tDOmQX,2020-06-16 00:00:01+00:00,2,1,1
318,https://tiltify.com/@diceyamazons/our-shield-is-yours,2020-06-16 00:00:11+00:00,7,2,1
319,http://www.covaid.co,2020-06-16 00:00:13+00:00,0,1,1
320,http://www.covid-gca.org,2020-06-16 00:00:13+00:00,0,1,1
321,http://naver.me/IFwgpjEv,2020-06-16 00:18:35+00:00,490,170,1
322,https://bit.ly/3e0U30B,2020-06-16 00:22:22+00:00,1142,482,1
323,https://www.ebay.ca/itm/Trixie-Mattel-Barbara-Painting/383591656978?pageci=85bd782d-cf8e-4629-a695-33c82c7600cf,2020-06-16 01:25:26+00:00,87,30,1
324,https://abc7ne.ws/2N3BIUG,2020-06-16 02:03:34+00:00,673,142,2
325,https://www.rawstory.com/2020/06/gun-toting-trump-supporters-attack-george-floyd-protesters-in-rural-ohio-town/amp/?utm_source=dlvr.it&amp;utm_medium=twitter&amp;__twitter_impression=true,2020-06-16 02:05:32+00:00,193,203,1
326,https://buff.ly/3fyLdHX,2020-06-16 03:22:18+00:00,101,51,1
327,http://f24.my/6ZTm,2020-06-16 07:03:43+00:00,51,21,1
328,https://newbloommag.net/2020/06/13/blm-taipei-demo/,2020-06-16 08:01:58+00:00,24,13,1
329,http://original-political-cartoon.com,2020-06-16 08:09:53+00:00,77,42,2
330,https://inclusivecinema.org/home/black-lives-matter/,2020-06-16 08:36:41+00:00,21,19,1
331,http://www.ecis.org/wp-content/uploads/2020/06/doline.pdf,2020-06-16 08:54:17+00:00,45,23,1
332,https://aje.io/6h6rq,2020-06-16 09:00:06+00:00,69,28,1
333,https://bit.ly/2UAOtKF,2020-06-16 09:02:00+00:00,128,93,2
334,https://gearup.wa.gov/sites/default/files/webform/justiceforgeorgefloyd.html,2020-06-16 09:27:04+00:00,657,134,1
335,https://gearup.wa.gov/sites/default/files/webform/defacee.html,2020-06-16 09:27:04+00:00,657,134,1
336,https://bit.ly/30IS51b,2020-06-16 10:06:12+00:00,232,34,1
337,http://www.leeds.ac.uk/news/article/4607/leeds_academics_to_investigate_covid-19_crimes,2020-06-16 10:33:39+00:00,26,19,1
338,https://wshd.to/blmcommitment,2020-06-16 11:03:43+00:00,41,12,1
339,https://gcnchambers.co.uk/as-we-challenge-others-we-must-challenge-ourselves/,2020-06-16 11:04:27+00:00,38,12,1
340,http://IAmAMan.Vote,2020-06-16 11:28:02+00:00,24,23,1
341,https://bit.ly/3hzDQ4M,2020-06-16 12:12:24+00:00,55,27,1
342,http://bit.ly/2C6onc0,2020-06-16 12:23:29+00:00,2951,2580,1
343,http://f24.my/1oW.f,2020-06-16 13:13:08+00:00,31,19,1
344,https://gitcoin.co/grants/crypto-for-black-lives/,2020-06-16 13:20:20+00:00,86,46,1
345,http://Racism.No,2020-06-16 13:22:13+00:00,145,17,1
346,http://human.Is,2020-06-16 13:22:13+00:00,145,17,1
347,https://n.news.naver.com/entertain/article/088/0000651648,2020-06-16 13:32:28+00:00,1260,362,1
348,https://medium.com/@lillypkh/deputy-director-shero-sarah-hillware-on-advocacy-9bcda197fec8,2020-06-16 13:44:32+00:00,60,13,1
349,http://change.org/FreeNekoNow,2020-06-16 13:59:36+00:00,105,50,1
350,http://on.nba.com/2YCzFfK,2020-06-16 14:00:10+00:00,290,51,1
351,https://en.wikipedia.org/wiki/Wikipedia:WikiProject_Black_Lives_Matter/June_2020,2020-06-16 14:09:02+00:00,41,28,1
352,http://STORE.KADIRNELSON.COM,2020-06-16 14:17:12+00:00,3160,1234,1
353,http://dailytorch.com/2020/06/cartoon-it-takes-a-village/,2020-06-16 14:46:11+00:00,493,318,1
354,https://www.rebelnews.com/_struggle_session_leaked_email_exposes_national_post_mob_who_turned_on_rex_murphy,2020-06-16 15:02:55+00:00,53,45,1
355,http://www.theminnesotapins.com,2020-06-16 15:15:29+00:00,30,26,1
356,http://bit.ly/30Tn8Yh,2020-06-16 15:16:59+00:00,61,33,1
357,https://tinyurl.com/y9es3qhv,2020-06-16 15:36:21+00:00,48,9,1
358,https://bit.ly/3d67Th4,2020-06-16 15:39:14+00:00,48,33,1
359,http://tinyurl.com/y9es3qhv,2020-06-16 15:44:41+00:00,104,20,1
360,https://www.peoplesworld.org/article/feds-to-review-cases-into-hanging-deaths-of-robert-fuller-and-malcolm-harsch/,2020-06-16 15:45:55+00:00,58,25,1
361,https://audioboom.com/posts/7608949-ken-griffey-jr-baseball-hall-of-famer,2020-06-16 15:58:08+00:00,59,12,1
362,https://novara.media/blackradicalism,2020-06-16 16:15:28+00:00,107,57,1
363,http://blacksabbathapparelshop.com/products/black-lives-matter-t-shirt,2020-06-16 16:29:04+00:00,14407,4713,1
364,https://bit.ly/2Y4c1ts,2020-06-16 16:37:02+00:00,1149,166,1
365,https://www.foxnews.com/media/andy-ngo-seattle-occupied-zone-night,2020-06-16 18:03:00+00:00,2301,1034,1
366,https://www.humblebundle.com/fight-for-racial-justice-bundle?hmb_source=navbar&amp;hmb_medium=product_tile&amp;hmb_campaign=tile_index_1,2020-06-16 18:06:48+00:00,138,73,1
367,http://sunsip1.com,2020-06-16 18:15:06+00:00,113,40,1
368,http://bit.ly/RA_BLM,2020-06-16 18:33:21+00:00,5811,857,1
369,http://antiracism.club,2020-06-16 18:41:46+00:00,539,348,1
370,https://www.infowars.com/tucker-carlson-black-lives-matter-now-enjoys-almost-complete-immunity-from-criticism/,2020-06-16 18:53:30+00:00,296,426,1
371,https://docs.google.com/document/d/1CjZMORRVuv-I-qo4B0YfmOTqIOa3GUS207t5iuLZmyA/mobilebasic,2020-06-16 19:03:48+00:00,134,28,1
372,https://aratuon.com.br/noticias/assassinaram-pelas-costas-diz-pai-de-crianca-morta-durante-operacao-da-pm-no-vale-das-pedrinhas/,2020-06-16 19:07:36+00:00,103,92,1
373,https://www.oldhatcreative.com/blacklivesmatter,2020-06-16 19:33:16+00:00,127,47,1
374,https://itch.io/b/520/bundle-for-racial-justice-and-equality,2020-06-16 19:50:03+00:00,3120,1188,1
375,https://cmg.ffm.to/TROLLZ-NM,2020-06-16 20:00:01+00:00,778,299,1
376,http://esb.mdusd.k12.ca.us/attachments/c76c189d-bed2-4051-af0b-fc67f1384143.pdf,2020-06-16 20:28:55+00:00,63,12,1
377,http://www.pb-resources.com/emails.html,2020-06-16 20:30:19+00:00,49,41,1
378,http://flintshire.org.uk/index.php/labour-party-report,2020-06-16 20:40:36+00:00,75,26,1
379,http://chng.it/SQkhyr7r,2020-06-16 21:02:00+00:00,56,16,1
380,https://www.newyorker.com/magazine/2020/06/22/the-trayvon-generation?utm_source=twitter&amp;utm_medium=social&amp;utm_campaign=onsite-share&amp;utm_brand=the-new-yorker&amp;utm_social-type=earned,2020-06-16 22:12:04+00:00,69,39,1
381,https://www.pscp.tv/w/1mnxelMWNMbJX,2020-06-16 22:15:30+00:00,45,22,1
382,https://www.vogue.co.uk/arts-and-lifestyle/article/black-history-education,2020-06-16 22:41:09+00:00,422,175,1
383,https://blacktheatreunited.com/,2020-06-16 23:05:18+00:00,117,20,1
384,http://bit.ly/3dOVdw8HR7120,2020-06-16 23:37:55+00:00,36,19,1
385,https://bit.ly/2N2dWID,2020-06-16 23:53:20+00:00,23,4,1
386,http://linktr.ee/FundraiserRun,2020-06-16 23:39:29+00:00,74,19,1
387,https://tinyurl.com/y7guludb,2020-06-16 23:47:27+00:00,89,46,1
388,https://www.npr.org/sections/live-updates-protests-for-racial-justice/2020/06/16/877605841/splc-announces-30-million-to-help-register-southern-voters-of-color,2020-06-17 00:00:00+00:00,5,1,1
389,http://link.quibi.com/q9D1UMKBj5,2020-06-17 00:00:00+00:00,6,2,1
390,https://bit.ly/3hws5fi,2020-06-17 00:00:10+00:00,26,17,1
391,http://bit.ly/BCA_Pool,2020-06-17 00:18:17+00:00,378,99,1
392,https://econ.trib.al/g1JdmUH,2020-06-17 00:20:50+00:00,191,64,1
393,https://strikeforblacklives.org,2020-06-17 00:27:21+00:00,90,72,1
394,http://www.succinctresearch.com/the-2020-race-uprisings-and-archaeologys-response/,2020-06-17 00:47:03+00:00,186,107,1
395,https://blacklivesmatter.carrd.co/#donations,2020-06-17 02:08:16+00:00,164,22,1
396,https://www.amazon.ca/dp/B07WKDHR6J/ref=cm_sw_r_cp_api_i_-oy6EbVNXHZ4Z,2020-06-17 02:47:16+00:00,21,19,1
397,https://www.c-span.org/video/?c4887281/user-clip-letter-birmingham-jail-senate-reading,2020-06-17 03:08:59+00:00,44,20,1
398,https://indigenousarchives.net/2020/06/17/blacklivesmatter-and-archives-in-australia/,2020-06-17 03:33:00+00:00,83,61,1
399,https://trib.al/Mc3PNLF,2020-06-17 03:35:41+00:00,91,41,1
400,https://www.commercialappeal.com/story/news/2020/06/13/deaf-black-lives-matter-group-honors-black-deaf-sanitation-workers/3182123001/?fbclid=IwAR02h7e0PMZrZZ2sfZRb36L1cStbmIBpIAVWH8Mv2mX_CaZacNAXr-s9p1k,2020-06-17 03:40:13+00:00,251,157,1
401,http://stratevist-journal.com/,2020-06-17 04:56:54+00:00,408,41,1
402,Https://linktr.ee/Amwchr,2020-06-17 05:02:47+00:00,29,11,1
403,https://trib.al/Fc4c6FP,2020-06-17 05:32:49+00:00,53,23,1
404,http://archive.vn/RngGo#selection-133.10-133.24,2020-06-17 06:12:27+00:00,468,285,1
405,http://archive.vn/rxVxd,2020-06-17 06:12:27+00:00,468,285,1
406,http://archive.vn/TgzXX,2020-06-17 06:14:55+00:00,828,530,1
407,http://archive.vn/ngy9U,2020-06-17 06:16:51+00:00,843,569,1
408,http://archive.vn/8d58d,2020-06-17 06:16:51+00:00,843,569,1
409,http://archive.vn/xyHtd,2020-06-17 06:16:51+00:00,1516,1002,2
410,http://bit.ly/2YzI9nK,2020-06-17 06:38:21+00:00,538,204,2
411,https://sharedassets.org.uk/uncategorized/why-parks-matter-to-racial-justice/,2020-06-17 06:42:24+00:00,37,19,1
412,https://timeshighereducation.zoom.us/webinar/register/5615922230342/WN_zVqAUuzQQrGmnQMpBWudnQ,2020-06-17 07:14:21+00:00,52,47,1
413,https://www.labourdesign.co.uk/art-packs/summer-20-black-lives-matter,2020-06-17 07:56:23+00:00,84,39,1
414,https://hotcus.org.uk/hotcus-seminar-on-the-urgent-past-race-brutality-and-protest-in-the-united-states/,2020-06-17 08:02:46+00:00,59,44,1
415,https://www.bankofcreativity.co.uk/blog/omb-weareone,2020-06-17 08:36:14+00:00,59,43,1
416,http://tiny.cc/CovRally4BlackLives,2020-06-17 10:18:21+00:00,52,27,1
417,http://archive.vn/Xrd0J#selection-133.7-133.20,2020-06-17 10:25:01+00:00,673,433,1
418,http://archive.vn/mdT9d,2020-06-17 10:25:01+00:00,673,433,1
419,http://archive.vn/i5U68,2020-06-17 10:26:09+00:00,542,377,1
420,http://archive.vn/0LdMD,2020-06-17 10:26:09+00:00,542,377,1
421,http://instagram.com/blacklivesmatt…,2020-06-17 10:34:46+00:00,62,29,1
422,http://www.nestorgomezstoryteller.com/immigration-stories.html,2020-06-17 11:06:09+00:00,2141,157,4
423,https://www.europarl.europa.eu/plenary/en/home.html,2020-06-17 11:14:58+00:00,33,11,1
424,https://privacyinternational.org/news-analysis/3926/ethnic-minorities-greater-risk-oversurveillance-after-protests,2020-06-17 11:18:00+00:00,2705,280,1
425,https://www.bssh.ac.uk/_userfiles/pages/files/BSSH%20Black%20Lives%20Matter%20Statement.pdf,2020-06-17 12:14:18+00:00,30,17,1
426,https://ctt.ec/R9H05+,2020-06-17 12:19:05+00:00,96,15,1
427,http://socsde.ms/ZJk,2020-06-17 12:25:25+00:00,46,23,1
428,https://robrogers.com/2020/06/17/slippery-slope/,2020-06-17 12:45:05+00:00,458,178,1
429,https://www.bostonglobe.com/2020/06/16/business/racial-justice-begins-with-corporate-america-righting-economic-wrongs/?outputType=amp,2020-06-17 12:47:45+00:00,46,25,1
430,https://vm.tiktok.com/JJJaaP9/,2020-06-17 13:04:32+00:00,1262,197,1
431,https://www.cbc.ca/radio/thecurrent/the-current-for-june-17-2020-1.5614456/confronting-racism-at-every-level-can-start-with-young-people-says-masai-ujiri-1.5614532?__vfz=medium%3Dsharebar,2020-06-17 14:32:49+00:00,247,114,1
432,https://www.cnn.com/2020/06/16/us/georgia-clayton-county-teens-police-video/index.html,2020-06-17 14:34:52+00:00,79,86,1
433,http://unf.pa/nj7,2020-06-17 14:35:46+00:00,199,78,1
434,https://bit.ly/3dc9Poe,2020-06-17 15:11:53+00:00,706,113,1
435,http://abolishthenypd.com,2020-06-17 16:15:26+00:00,123,106,1
436,http://bit.ly/3ftdEa3,2020-06-17 16:39:15+00:00,384,167,1
437,https://bit.ly/3df5j8d,2020-06-17 16:47:03+00:00,300,46,1
438,https://bit.ly/3hyEwY2,2020-06-17 17:06:42+00:00,278,74,1
439,http://trib.al/vo6T5fk,2020-06-17 17:09:34+00:00,13155,4414,1
440,https://trib.al/UIgbyI8,2020-06-17 17:18:51+00:00,595,202,2
441,https://www.latimes.com/opinion/story/2020-06-17/palmdale-hanging-black-men,2020-06-17 17:27:28+00:00,375,154,1
442,http://www.elevatees1.com,2020-06-17 17:54:42+00:00,141,173,2
443,https://bit.ly/2UUlce5,2020-06-17 18:00:01+00:00,95,55,1
444,https://ecist.home.blog/2020/06/17/action-not-words/?fbclid=IwAR1fvBjSMl5J8yej4IIbwFbtMeVlaJwGkq6vB_Jp2K0BY28R-V8bZSYHhcU,2020-06-17 18:07:50+00:00,18,10,1
445,http://bit.ly/2URjD0q,2020-06-17 18:24:14+00:00,57,23,1
446,https://unherd.com/thepost/gad-saad-cancel-culture-is-dangerous-and-anti-liberal/,2020-06-17 18:31:00+00:00,86,34,1
447,https://www.telegraph.co.uk/news/2020/06/17/cecil-rhodes-statue-taken-oxfords-oriel-college/,2020-06-17 19:09:49+00:00,74,31,1
448,https://docs.google.com/document/d/1H-Vxs6jEUByXylMS2BjGH1kQ7mEuZnHpPSs1Bpaqmw0/mobilebasic,2020-06-17 19:10:35+00:00,534,495,1
449,http://Change.org/RhodesMustFall,2020-06-17 19:18:59+00:00,99,52,1
450,https://econ.trib.al/ukWtWlQ,2020-06-17 19:48:03+00:00,75,25,1
451,http://helpblacklives.info,2020-06-17 19:48:34+00:00,126,98,1
452,https://en.wikipedia.org/wiki/Wikipedia:Meetup/AfroCROWD/Juneteenth2020,2020-06-17 19:49:02+00:00,53,47,1
453,https://www.justgiving.com/crowdfunding/jumpcut-charity-initiative,2020-06-17 19:50:55+00:00,125,34,2
454,https://bit.ly/3eex42b,2020-06-17 19:57:18+00:00,237,75,1
455,https://www.cnn.com/2020/06/17/us/rayshard-brooks-atlanta-shooting-wednesday/index.html,2020-06-17 20:09:51+00:00,63,16,1
456,http://theplaguenerdalogues.com,2020-06-17 20:11:56+00:00,644,65,2
457,https://apple.news/A5KuEPZZ3QUOXVrIoH1pWYg,2020-06-17 20:14:14+00:00,19,18,1
458,https://www.ourprism.org/1953878,2020-06-17 20:35:17+00:00,25,9,1
459,http://nestorgomezstoryteller.com/podcast.html,2020-06-17 20:35:24+00:00,82,18,1
460,https://theappeal.org/american-democracy-cannot-breathe/,2020-06-17 20:44:39+00:00,184,104,2
461,https://tinyurl.com/y7e5nlo2,2020-06-17 20:45:18+00:00,24,10,1
462,https://t.me/therealityreport,2020-06-17 20:46:35+00:00,90,60,1
463,https://brocku.ca/brock-news/2020/06/documentary-on-historic-protest-against-anti-black-racism-now-available-online/,2020-06-17 20:51:21+00:00,31,17,1
464,https://www.hrw.org/news/2020/06/17/police-targeting-street-medics-us-protests,2020-06-17 21:15:06+00:00,104,110,1
465,https://ag.ky.gov/Contact-Us/Pages/default.aspx,2020-06-17 21:20:37+00:00,45,20,1
466,https://www.lifenews.com/2020/06/17/black-pro-lifer-tells-antifa-if-black-lives-mattered-youd-protest-planned-parenthood/,2020-06-17 21:27:13+00:00,319,210,2
467,https://bit.ly/2Y8jjN0,2020-06-17 21:35:00+00:00,50,7,1
468,http://abcn.ws/2N8peLG,2020-06-17 21:44:44+00:00,59,63,1
469,https://ottawacitizen.com/news/local-news/racism-is-a-public-health-issue-ottawa-board-of-health-declares,2020-06-17 21:48:00+00:00,50,27,1
470,http://ElectricForestFestival.com/socialjustice,2020-06-17 22:11:22+00:00,1192,530,1
471,http://chng.it/D6yRRZxF,2020-06-17 22:17:31+00:00,103,31,1
472,http://bit.ly/AAPFcovid11,2020-06-17 22:33:25+00:00,50,28,1
473,https://www.usatoday.com/story/news/nation/2020/06/17/rayshard-brooks-garrett-rolfe-atlanta-officer-charged-felony-murder-assault/3196723001/,2020-06-17 23:04:00+00:00,238,154,1
474,http://ow.ly/VtpK50AaDtE,2020-06-17 23:40:05+00:00,41,18,1
475,https://www.ilrc.org/webinars/make-your-voice-heard-resources-non-citizen-protesters,2020-06-17 23:45:45+00:00,17,23,1
476,https://bit.ly/3eohlxP,2020-06-17 23:51:01+00:00,23,2,1
477,http://chng.it/M7N7PDFQ7t,2020-06-17 23:35:38+00:00,25,14,1
478,https://facebook.com/events/s/unity-rally-for-justice/949252732188740/?ti=as,2020-06-17 23:55:51+00:00,55,8,1
479,http://gofundme.com/f/collegetuitiongt,2020-06-18 00:00:04+00:00,1,0,1
480,https://www.bostonglobe.com/2020/06/17/metro/baker-unveils-landmark-police-reform-bill-pushes-certification-officers/?event=event25,2020-06-18 00:00:10+00:00,0,0,1
481,https://eastcountytoday.net/california-state-assembly-passes-african-american-reparation-bill/,2020-06-18 00:00:22+00:00,0,0,1
482,https://mediajustice.org/news/fbi-misled-congress-black-activists-still-under-investigation-by-new-and-old-extremist-designations/,2020-06-18 00:00:33+00:00,10,13,1
483,https://www.culinaryunion226.org/news/press/statement-by-geoconda-arguello-kline-regarding-the-murder-of-george-floyd-and-in-support-of-black-lives-matter,2020-06-18 00:00:54+00:00,15,5,1
484,http://kind.sigs.k8s.io,2020-06-18 00:01:24+00:00,72,10,1
485,http://kubernetes.io,2020-06-18 00:01:24+00:00,72,10,1
486,https://www.vanityfair.com/news/2019/12/matt-gaetz-hunter-biden-dui,2020-06-18 00:03:18+00:00,101,26,1
487,http://instagram.com/kvrxaustin,2020-06-18 00:05:25+00:00,21,14,1
488,https://blacklivesmatter.ca/donate/,2020-06-18 00:08:30+00:00,107,20,2
489,https://www.miaminewtimes.com/news/miami-beach-grandpa-condo-sign-supports-black-lives-matter-11652392,2020-06-18 00:10:02+00:00,1490,479,1
490,https://www.juneteenthspt.com/,2020-06-18 00:13:53+00:00,290,140,2
491,https://bit.ly/3hCAcqB,2020-06-18 00:55:50+00:00,218,131,1
492,http://archive.vn/umC6l#selection-133.0-133.19,2020-06-18 01:01:52+00:00,566,315,1
493,http://archive.vn/JgCkp#selection-133.7-133.19,2020-06-18 01:01:52+00:00,566,315,1
494,https://www.vice.com/en_us/article/8xvzwp/baltimore-cops-carried-toy-guns-to-plant-on-people-they-shot-trial-reveals-vgtrn?utm_campaign=sharebutton,2020-06-18 01:41:05+00:00,186,148,1
495,https://www.theguardian.com/australia-news/video/2020/jun/17/labor-senator-reads-out-names-of-indigenous-deaths-in-custody-video,2020-06-18 01:47:11+00:00,22,17,1
496,https://www.drivethrurpg.com/special.php,2020-06-18 01:57:08+00:00,37,23,1
497,https://smash.gg/SOR,2020-06-18 02:45:00+00:00,68,38,1
498,https://www.infowars.com/hip-hop-black-lives-matter-and-the-means-to-influence-the-masses-through-culture-american-countdown/,2020-06-18 03:04:32+00:00,63,203,1
499,https://bit.ly/2UVng5v,2020-06-18 03:11:48+00:00,33,20,1
500,http://ow.ly/jZoR50Aafpr,2020-06-18 03:15:06+00:00,58,17,1
501,https://www.smh.com.au/world/asia/how-black-lives-matter-reached-to-indonesia-and-inspired-solidarity-with-papuans-20200618-p553r4.html,2020-06-18 03:23:20+00:00,70,37,1
502,http://cbs.com/StarTrekUnited,2020-06-18 05:05:58+00:00,189,102,1
503,https://www.redding.com/story/news/2020/06/17/demonstrators-seek-justice-hanged-black-mans-family/3211965001/,2020-06-18 05:29:06+00:00,10,9,1
504,http://Bookshop.com,2020-06-18 05:32:04+00:00,50,14,1
505,http://tinyurl.com/BlackMHResources,2020-06-18 05:46:35+00:00,47,57,1
506,https://bit.ly/3dbnnjU,2020-06-18 06:00:31+00:00,23,21,1
507,https://apple.co/3hBrn0h,2020-06-18 06:00:31+00:00,23,21,1
508,https://bit.ly/2Bf5seT,2020-06-18 06:00:31+00:00,23,21,1
509,https://www.coe.int/en/web/european-commission-against-racism-and-intolerance/country-monitoring,2020-06-18 06:06:00+00:00,64,38,1
510,http://charliewatts32.com,2020-06-18 06:09:42+00:00,25,3,1
511,http://Wa.me/2348159324810,2020-06-18 06:19:19+00:00,91,86,1
512,https://instagr.am/p/CBkRCIwD1jS/,2020-06-18 06:38:41+00:00,27,15,1
513,http://kidzcoolit.com/reviews/page/20,2020-06-18 06:40:31+00:00,6,6,1
514,http://bit.ly/2X3bGHa,2020-06-18 06:40:31+00:00,6,6,1
515,http://bit.ly/2AUoEy2,2020-06-18 06:40:31+00:00,6,6,1
516,http://youthgottit.com,2020-06-18 06:40:31+00:00,6,6,1
517,https://www.maddenillustration.co.uk/shop/blm,2020-06-18 06:41:11+00:00,18,11,1
518,https://www.dropbox.com/sh/13br7f729txaolr/AAA-dN4Mf05XtoUEk9HLF-LZa?dl=0,2020-06-18 06:43:28+00:00,49,27,1
519,https://trib.al/T2xdBVS,2020-06-18 07:06:32+00:00,164,40,1
520,http://blmstanguide.carrd.co,2020-06-18 07:15:41+00:00,168,52,1
521,http://accupaintingservices.com,2020-06-18 07:16:49+00:00,65,53,1
522,https://www.itv.com/news/2020-06-18/the-michigan-sheriff-showing-americas-cops-that-escalation-is-not-the-only-way/,2020-06-18 08:03:47+00:00,104,23,1
523,https://bit.ly/auctionfae,2020-06-18 08:14:43+00:00,37,11,1
524,https://uk.finance.yahoo.com/news/yahoo-finance-empower-top-100-ethnic-minority-future-leaders-2020-230109374.html,2020-06-18 08:17:46+00:00,39,7,1
525,http://bbc.in/2YcSB5V,2020-06-18 08:22:12+00:00,31,17,1
526,https://www.shop-bohemianfc.com/collections/replica-kit/products/2020-oneills-away-jersey-regular-fit,2020-06-18 08:45:24+00:00,63,30,1
527,https://www.nytimes.com/2020/06/17/books/art-of-writing-letters.html,2020-06-18 09:16:13+00:00,18,9,1
528,http://www.wezi.uk,2020-06-18 09:16:20+00:00,23,7,1
529,https://www.thelancet.com/action/showPdf?pii=S2468-2667%2818%2930202-0,2020-06-18 09:18:15+00:00,38,36,1
530,https://digital.wolfsonian.org/WOLF076101/00001/1x?search=communist,2020-06-18 10:11:42+00:00,35,15,1
531,https://trib.al/iEbLi01,2020-06-18 10:19:23+00:00,773,116,1
532,https://gal-dem.com/remember-oluwatoyin-salau-by-putting-black-women-and-lgbtqi-people-at-the-heart-of-the-blacklivesmatter-movement/,2020-06-18 10:40:26+00:00,43,21,1
533,https://bit.ly/37EWeEJ,2020-06-18 10:48:55+00:00,31,17,1
534,https://www.cnn.com/2020/06/17/us/rayshard-brooks-atlanta-police-not-answering-calls/index.html,2020-06-18 12:58:09+00:00,68,34,1
535,https://www.bbc.co.uk/iplayer/live/bbcparliament,2020-06-18 13:05:07+00:00,116,49,1
536,https://www.football-italia.net/154651/roma-launch-black-lives-matter-patch,2020-06-18 13:11:44+00:00,161,27,1
537,https://hongkongfp.com/2020/06/18/exclusive-darlie-to-rebrand-colgate-owned-black-people-toothpaste-to-be-reviewed-amid-black-lives-matter-demos,2020-06-18 13:15:17+00:00,148,76,2
538,https://www.kff.org/dc19429,2020-06-18 13:17:28+00:00,76,35,1
539,https://aje.io/arqrc,2020-06-18 13:45:05+00:00,466,98,1
540,https://www.pcmag.com/opinions/video-games-owe-black-players-more-than-just-talk,2020-06-18 13:48:31+00:00,1283,547,1
541,https://www.mynews13.com/fl/orlando/sports/2020/06/17/ucf-s-breyanna-frazier-and-diamond-battles-dance-for-change-,2020-06-18 13:48:45+00:00,32,15,1
542,https://liverpoolexpress.co.uk/liverpools-lord-mayor-makes-history-again/,2020-06-18 13:49:45+00:00,245,50,1
543,http://www.k-state.edu/diversity-inclusion/initiatives/cats/,2020-06-18 13:59:09+00:00,75,23,1
544,https://www.uniglobalunion.org/news/global-trade-union-movement-unified-support-black-lives-matter,2020-06-18 14:22:38+00:00,52,36,1
545,http://bit.ly/IANYN-Watch-Now,2020-06-18 15:00:48+00:00,20,15,1
546,https://chicagobond.org/2020/06/18/communities-call-on-cook-county-commissioners-to-defund-the-cook-county-jail/,2020-06-18 15:02:53+00:00,224,128,1
547,https://aje.io/77bu5,2020-06-18 15:15:00+00:00,700,331,1
548,https://www.redstate.com/brandon_morse/2020/06/18/black-all-lives-matter/,2020-06-18 15:20:09+00:00,73,75,1
549,http://bit.ly/2YhDQPn,2020-06-18 15:21:49+00:00,48,18,1
550,https://www.hotnewhiphop.com/taco-bell-employee-fired-for-wearing-black-lives-matter-mask-riptacobell-trends-news.112765.html,2020-06-18 15:42:14+00:00,1850,827,2
551,https://www.cambridge.org/core/journals/american-political-science-review/article/agenda-seeding-how-1960s-black-protests-moved-elites-public-opinion-and-voting/136610C8C040C3D92F041BB2EFC3034C,2020-06-18 15:45:25+00:00,1938,652,1
552,https://fcm.ca/en/news-media/announcement/fcm-reaffirms-commitment-confront-racism,2020-06-18 15:47:40+00:00,42,20,1
553,https://hermancain.com/atlanta-police-walk-off-job-da-charges-officer-brooks-death-investigation-even-complete/?utm_source=twitter&amp;utm_medium=thenewvoice&amp;utm_content=2020-06-18,2020-06-18 16:02:01+00:00,446,130,1
554,https://www.senate.ca.gov/calendar?startdate=6-18-2020&amp;enddate=6-18-2020,2020-06-18 16:16:56+00:00,430,137,1
555,http://HeartBeatDice.com,2020-06-18 16:42:27+00:00,974,502,1
556,https://www.aclweb.org/portal/content/acl-statement-racial-injustice,2020-06-18 16:50:51+00:00,60,16,1
557,http://bit.ly/2dvftq0,2020-06-18 16:55:06+00:00,48,32,1
558,http://ivylg.co/ListenLearnAct,2020-06-18 17:00:13+00:00,453,152,2
559,https://www.politicalite.com/black-lives-matter/exclusive-black-football-coach-brands-raab-mosquito-and-says-wife-should-be-raped/,2020-06-18 17:11:17+00:00,914,1374,1
560,https://www.wigantoday.net/sport/football/wigan-athletic-star-chey-dunkley-why-black-lives-matter-and-not-just-fad-2888866,2020-06-18 17:23:03+00:00,84,22,1
561,https://blacklivesmatters.carrd.co/#donate,2020-06-18 17:30:52+00:00,60,21,1
562,http://apple.co/BLMPods,2020-06-18 17:36:12+00:00,62,24,1
563,https://gf.me/u/x784jt,2020-06-18 17:37:22+00:00,107,84,1
564,https://www.detroitnews.com/story/news/local/detroit-city/2020/06/16/residents-urge-city-council-reject-proposed-facial-recognition-contract/3197917001/,2020-06-18 17:53:45+00:00,30,31,1
565,http://tinyurl.com/TeacherTalk22,2020-06-18 17:55:02+00:00,79,36,1
566,https://www.breitbart.com/politics/2020/06/17/poll-public-vastly-prefers-all-lives-matter-over-black-lives-matter-by-21/,2020-06-18 17:57:38+00:00,315,379,1
567,http://revolution.darkroom.tech,2020-06-18 18:08:17+00:00,37,25,1
568,https://bit.ly/HumansOfTheU_JasonRamirez,2020-06-18 18:10:37+00:00,43,12,1
569,http://give.softgiving.com/BlackLivesMatterTournament,2020-06-18 18:37:24+00:00,44,14,1
570,http://platinumtournaments.com/live,2020-06-18 18:37:24+00:00,44,14,1
571,http://guides.library.cornell.edu/blacklivesmatter,2020-06-18 19:00:12+00:00,53,22,1
572,http://bit.ly/3d9BCFP,2020-06-18 19:01:12+00:00,41,30,1
573,http://Facebook.com/OfficialQPRFC,2020-06-18 19:02:00+00:00,106,17,1
574,https://www.mcsweeneys.net/articles/anti-racism-resources-from-your-usually-very-funny-but-now-exhausted-black-friend,2020-06-18 19:17:58+00:00,51,12,1
575,https://medium.com/@nateformula11/to-pimp-a-movement-e303dac23c49,2020-06-18 19:24:33+00:00,96,26,1
576,https://www.actorsequity.org/resources/diversity/diversityblog/BLMResolution/,2020-06-18 20:16:02+00:00,30,22,1
577,https://www.planbsales.com/searchresults.asp?Search=Black+Lives+Matter&amp;Submit=,2020-06-18 20:19:04+00:00,827,152,1
578,https://www.planbsales.com/Darrell-Bubba-Wallace-Autographed-2020-BLACKLIV-p/c432023lvdxaut.htm,2020-06-18 20:36:30+00:00,2528,430,1
579,https://glass-animals.bleepstores.com/,2020-06-18 20:55:13+00:00,429,108,1
580,https://humanevents.com/2009/07/07/the-actbluesoros-complex/,2020-06-18 21:00:55+00:00,79,81,1
581,https://www.haaretz.com/us-news/.premium-russia-s-disinformation-campaign-takes-racist-aim-at-black-lives-matter-1.8929385,2020-06-18 21:09:58+00:00,5866,847,1
582,https://therealnews.com/stories/pcullors0722blacklives,2020-06-18 21:28:23+00:00,53,54,1
583,https://www.hellomerch.com/collections/Sargent-house-raffle,2020-06-18 22:14:39+00:00,110,45,1
584,http://wlkr.art/duasaleh,2020-06-18 22:43:16+00:00,23,11,1
585,https://bit.ly/3efYrJ9,2020-06-18 23:01:08+00:00,36,10,1
586,https://www.c-span.org/video/?c4794299/user-clip-bettina-love-abolinist,2020-06-18 23:10:47+00:00,144,50,1
587,https://chicagobond.org/2020/06/18/ccbf-tells-the-county-board-to-defund-cook-county-jail/,2020-06-18 23:11:22+00:00,64,38,1
588,http://sixnineteen.com,2020-06-18 23:17:54+00:00,342,201,3
589,https://www.creosotemaps.com/blm2020/?fbclid=IwAR28N-iX_CZZ06JZrR7fd64xp5lfPIYBvLiHb_sB7g1Kb1-z70rCDBnX4qs,2020-06-18 23:23:24+00:00,27,18,1
590,https://not-equal-fabric-face-masks.square.site/,2020-06-18 23:24:55+00:00,45,18,1
591,https://reason.com/2010/06/28/lets-not-forget-sen-byrds-nega/,2020-06-18 23:34:34+00:00,126,218,1
592,http://alinahipharp.bandcamp.com/track/alabama-…,2020-06-18 23:53:09+00:00,19,10,1
593,https://aldianews.com/articles/culture/social/black-trans-lives-matter-too/58931,2020-06-19 00:01:06+00:00,1,1,1
594,https://www.foxnews.com/us/black-lives-matter-new-jersey-protest-south-brunswick-deer-crowd-woman-injured,2020-06-19 00:13:43+00:00,780,118,1
595,https://www.popularmechanics.com/military/weapons/a32892398/what-is-lrad-sonic-weapon-protests,2020-06-19 00:17:05+00:00,82,78,1
596,http://atmlb.com/3hKgyZR,2020-06-19 01:19:04+00:00,345,74,2
597,https://blacklivesmatter.com/resources/,2020-06-19 01:59:10+00:00,796,56,1
598,http://vogue.cm/hz9WTPO,2020-06-19 02:12:03+00:00,82,9,1
599,https://nbcnews.to/2YcbEgD,2020-06-19 02:50:03+00:00,209,86,1
600,https://www.cnn.com/2020/06/18/politics/donald-trump-juneteenth-credit/index.html,2020-06-19 02:52:44+00:00,85,43,1
601,https://smarturl.it/xICantBreathe,2020-06-19 04:02:55+00:00,4812,2052,1
602,https://www.dailymail.co.uk/news/article-8437171/Black-man-died-Las-Vegas-Police-custody-pulled-cycling-without-light.html,2020-06-19 05:05:43+00:00,40,29,1
603,http://TED.com,2020-06-19 07:07:10+00:00,58,37,1
604,https://www.ted.com/talks/dexter_dias_racism_wants_your_silence_it_s_time_to_speak_out,2020-06-19 07:07:10+00:00,58,37,1
605,https://classroom.thenational.academy/subjects-by-year,2020-06-19 07:19:47+00:00,36,25,1
606,https://www.newyorker.com/news/letter-from-europe/assa-traore-and-the-fight-for-black-lives-in-france?utm_source=twitter&amp;utm_medium=social&amp;utm_campaign=onsite-share&amp;utm_brand=the-new-yorker&amp;utm_social-type=earned,2020-06-19 07:42:47+00:00,25,12,1
607,http://bit.ly/RCoARDDs,2020-06-19 08:22:15+00:00,96,31,1
608,https://www.google.co.uk/amp/s/www.bbc.co.uk/news/amp/uk-scotland-53076269,2020-06-19 09:32:09+00:00,239,97,1
609,http://ko-fi.com/shaunadraws,2020-06-19 10:02:43+00:00,57,38,1
610,http://aceprint.co.za,2020-06-19 10:30:49+00:00,53,50,1
611,https://www.guengl.eu/issues/explainers/explainer-black-lives-matter-in-europe-too/,2020-06-19 10:47:06+00:00,28,27,1
612,https://limpingchicken.com/2020/06/19/rinkoo-barpaga-how-my-experience-of-racism-in-the-deaf-community-led-to-making-my-documentary-bsl-vlog/,2020-06-19 11:44:15+00:00,58,39,1
613,http://avid.org/CRTresources,2020-06-19 11:50:03+00:00,90,45,1
614,https://apnews.com/be195cedeefab023a59ae936e07c54a7,2020-06-19 12:46:27+00:00,80,50,1
615,https://www.nwppn.nhs.uk/index.php/our-work/easyblog/entry/racism-a-call-to-action-by-saiqa-naz,2020-06-19 12:48:09+00:00,94,55,1
616,https://robrogers.com/2020/06/19/monuments/,2020-06-19 13:03:13+00:00,286,90,1
617,https://bit.ly/3fBaml5,2020-06-19 13:25:14+00:00,39,25,1
618,http://ShopTheRead.com,2020-06-19 13:29:44+00:00,359,128,2
619,http://www.websterxdotcom.com/shop/bib-tee,2020-06-19 14:08:38+00:00,144,39,1
620,http://subpop.bandcamp.com/merch/circulation-of-education-and-power-t-shirt,2020-06-19 14:16:44+00:00,103,41,1
621,https://tinyurl.com/y8qmva7o,2020-06-19 14:33:17+00:00,451,164,1
622,https://bit.ly/2Cl3TMN,2020-06-19 14:43:01+00:00,233,60,1
623,http://hisandherdreamcollection.com/MYKESHIA,2020-06-19 14:44:27+00:00,234,82,2
624,http://tinyurl.com/y8qmva7o,2020-06-19 14:49:01+00:00,57,21,1
625,https://docs.google.com/document/d/1ub-Rz_VHQ6X4qUBcQs5-Q8mSF2MqyYY4QnKEU38D_CU/edit?usp=sharing,2020-06-19 14:53:18+00:00,47,39,1
626,https://www.gofundme.com/f/dance-for-justice?utm_source=customer&amp;utm_medium=copy_link&amp;utm_campaign=m_pd+share-sheet,2020-06-19 14:59:35+00:00,53,20,1
627,https://www.rawstory.com/2020/06/trump-threatens-possible-violence-against-protesters-outside-his-tulsa-rally/amp/?__twitter_impression=true,2020-06-19 15:02:08+00:00,73,53,1
628,https://defundthepolice.org/,2020-06-19 15:05:35+00:00,886,729,1
629,https://thebronxbrewery.com/defund-the-police-fund-the-bronx/,2020-06-19 15:06:08+00:00,222,83,1
630,https://www.sixnineteen.com/,2020-06-19 15:19:09+00:00,82,22,1
631,https://zcu.io/SaQo,2020-06-19 15:24:33+00:00,25,24,1
632,https://bit.ly/3ehymJD,2020-06-19 15:29:38+00:00,253,112,1
633,https://stlpartnership.com/juneteenth-2020-celebrations/,2020-06-19 15:31:02+00:00,97,18,1
634,https://2wsb.tv/2V2n3O9,2020-06-19 15:41:46+00:00,686,262,1
635,https://www.wusa9.com/article/features/producers-picks/juneteenth-dc-2020-washingtondc-what-is-juneteenth-history-of-juneteenth/65-12ccbc39-8777-4468-9809-fbe523722207,2020-06-19 15:55:01+00:00,345,140,1
636,http://RiotBrand.org,2020-06-19 16:04:10+00:00,154,42,1
637,http://ow.ly/HiDP30qRCZs,2020-06-19 16:04:10+00:00,154,42,1
638,http://ow.ly/mQay30qRmMj,2020-06-19 16:06:00+00:00,259,38,1
639,https://depop.com/misterpreda,2020-06-19 16:06:16+00:00,693,31,1
640,https://bit.ly/3ehcbU7,2020-06-19 16:18:07+00:00,46,26,1
641,https://bung.ie/3dhwmQg,2020-06-19 16:19:57+00:00,16825,4705,1
642,http://bit.ly/aiaiaw-poem,2020-06-19 16:30:15+00:00,85,41,1
643,http://ajlunited.org,2020-06-19 16:30:15+00:00,85,41,1
644,http://chastitybrownmusic.com/,2020-06-19 16:36:35+00:00,69,27,1
645,http://chastitybrownmusic.com/#news-updates-section,2020-06-19 16:36:35+00:00,69,27,1
646,https://to.pbs.org/2BqmUx6,2020-06-19 16:50:23+00:00,67,29,1
647,https://www.huffingtonpost.co.uk/entry/katie-hopkins-account-permanently-suspended_uk_5eece139c5b6e9623c8179bf?ncid=other_twitter_cooo9wqtham&amp;utm_campaign=share_twitter,2020-06-19 16:53:32+00:00,78,20,1
648,https://www.gofundme.com/f/the-black-resilience-fund,2020-06-19 16:58:15+00:00,41,19,1
649,https://i-d.co/2Bl9xxZ,2020-06-19 17:22:03+00:00,136,41,1
650,http://www.i-dstore.co,2020-06-19 17:22:03+00:00,136,41,1
651,https://bit.ly/2AHYfEg,2020-06-19 17:23:02+00:00,701,145,1
652,https://bit.ly/3fK0SUz,2020-06-19 17:35:03+00:00,84,17,1
653,https://www.inquirer.com/news/juneteenth-meaning-celebrations-history-20200619.html,2020-06-19 17:35:44+00:00,69,32,1
654,https://abcnews.go.com/Politics/trump-threatens-protesters-ahead-tulsa-rally/story?id=71343447&amp;fbclid=IwAR3frDsCAefgw-u8xX53KKXDARatWZzdnnSG-FmX6pd5NumqldLbQ-JhITE,2020-06-19 17:35:59+00:00,488,103,1
655,https://www.mirkaandolfo.com/us/marina-from-splatoon-for-charity-blacklivesmatter.html,2020-06-19 17:48:33+00:00,1143,145,1
656,https://bit.ly/37KcPXH,2020-06-19 17:48:57+00:00,60,23,1
657,https://aje.io/4x3c8,2020-06-19 18:12:03+00:00,119,35,1
658,https://bailfunds.github.io/,2020-06-19 18:18:58+00:00,126,111,2
659,https://www.gofundme.com/f/african-black-trans-women-lives-in-africa-matter,2020-06-19 18:21:55+00:00,60,63,1
660,http://chng.it/vYBWNnxWgr,2020-06-19 18:23:22+00:00,21,21,1
661,https://blacklivesmatter.com/make-juneteenth-a-national-holiday/,2020-06-19 18:23:22+00:00,21,21,1
662,https://actionnetwork.org/petitions/sign-now-make-juneteenth-june-19-a-federal-holiday-2/,2020-06-19 18:23:22+00:00,21,21,1
663,https://m.dailykos.com/campaigns/forms/sign-the-petition-make-juneteenth-a-national-holiday,2020-06-19 18:23:22+00:00,21,21,1
664,http://www.registerguard.com,2020-06-19 18:32:14+00:00,50,24,1
665,http://2wsb.tv/2V2n3O9,2020-06-19 18:45:00+00:00,1174,304,9
666,http://www.scorpiocomic.com,2020-06-19 18:45:35+00:00,79,49,1
667,https://s.si.edu/2Nbg7JY,2020-06-19 18:48:16+00:00,91,26,1
668,https://www.nytimes.com/2020/06/16/business/morgan-stanley-discrimination-lawsuit.html,2020-06-19 19:05:32+00:00,456,218,1
669,https://bit.ly/2Ygsuef,2020-06-19 19:10:07+00:00,474,72,1
670,http://bit.ly/RAISEVOICE,2020-06-19 19:23:35+00:00,61,17,1
671,http://GoHuskies.com/BLM,2020-06-19 19:30:00+00:00,78,19,1
672,https://bit.ly/2YfefGK,2020-06-19 19:36:09+00:00,312,137,1
673,https://www.latimes.com/california/story/2020-06-18/robert-fuller-malcolm-harsch-lynching-palmdale-victorville-hanging-black-brother,2020-06-19 20:46:18+00:00,161,47,1
674,http://change.org/LAFCJuneteenth,2020-06-19 20:58:31+00:00,90,21,1
675,http://Anchor.fm/AmpedUp,2020-06-19 21:31:57+00:00,269,87,3
676,https://www.jambase.com/article/thelonious-monk-palo-alto-1968?fbclid=IwAR0GdjFLvVQDR3Ky-Hb0rw_m_CjViDfpP30rYk3WyGPHvqiZisXlX2EC6R0,2020-06-19 22:29:48+00:00,66,20,1
677,http://on.nba.com/30ZU6WI,2020-06-19 22:33:00+00:00,245,35,1
678,https://blacklivesmatter.com/,2020-06-19 23:02:54+00:00,503,29,1
679,https://m.facebook.com/story.php?story_fbid=10158485179939059&amp;id=32162359058&amp;sfnsn=mo,2020-06-19 23:37:44+00:00,78,4,1
680,https://lawyerscommittee.org/wp-content/uploads/2020/06/TRO-NAACP.pdf,2020-06-19 23:44:32+00:00,24,3,1
681,https://www.newswise.com/articles/chicago-healthcare-organizations-band-together-to-take-action-on-systemic-racism-in-healthcare?ta=home,2020-06-19 23:45:20+00:00,18,10,1
682,https://lumen-couture.myshopify.com/collections/all?page=2,2020-06-19 23:37:03+00:00,86,28,1
683,https://scoopusa-pa.newsmemory.com?publink=01cb461a8_13436cf,2020-06-20 00:00:00+00:00,1,2,1
684,http://bit.ly/30SgjpL,2020-06-20 00:02:00+00:00,102,7,1
685,http://June2020.org,2020-06-20 00:42:12+00:00,156,81,2
686,http://bit.ly/TomNook,2020-06-20 01:23:10+00:00,571,174,1
687,http://Beyonce.com,2020-06-20 02:36:26+00:00,47,13,1
688,http://ow.ly/VUXi102hioZ,2020-06-20 02:45:27+00:00,2502,617,1
689,https://6abc.com/mike-pence-black-lives-matter-all-interview-juneteenth/6256371/,2020-06-20 02:54:04+00:00,64,20,1
690,http://bit.ly/3fJW4im,2020-06-20 03:39:18+00:00,294,114,1
691,http://secure.winred.com/samuelleewilliams/,2020-06-20 05:08:19+00:00,85,91,1
692,https://www.awm.gov.au/learn/schools/resources/carvedstonefigures,2020-06-20 06:39:06+00:00,59,21,1
693,http://www.transcreative.uk,2020-06-20 07:27:03+00:00,38,38,2
694,https://aje.io/4dx5l,2020-06-20 09:16:15+00:00,280,48,1
695,https://roarmag.org/magazine/far-right-political-terror-in-europe,2020-06-20 09:23:00+00:00,52,35,1
696,https://www.iol.co.za/sport/cricket/how-much-do-black-cricketers-matter-49653734,2020-06-20 10:03:56+00:00,77,33,1
697,https://m.huffingtonpost.ca/rachel-decoste/racism-world-juniors-hockey_b_2385693.html,2020-06-20 10:19:54+00:00,122,43,1
698,https://trib.al/IOUNP4i,2020-06-20 11:18:09+00:00,126,41,1
699,https://trib.al/nTcgL8L,2020-06-20 13:13:30+00:00,1185,375,7
700,https://bit.ly/311lxiQ,2020-06-20 13:45:00+00:00,160,58,1
701,https://www.telegraph.co.uk/news/2020/06/20/black-lives-matter-protesters-march-london-scuffles-break-glasgow/,2020-06-20 14:13:19+00:00,369,281,1
702,https://foreignpolicy.com/2020/06/20/americas-identity-crisis/,2020-06-20 14:19:35+00:00,31,11,1
703,https://podcasts.apple.com/us/podcast/in-the-bubble-with-andy-slavitt/id1504128553?i=1000477147178,2020-06-20 14:31:48+00:00,116,39,1
704,https://be496286-08a6-4bdf-bb3b-dc8ed5409664.filesusr.com/ugd/f254bb_f7031ca3bf59401789166e5ae59d2f75.pdf,2020-06-20 14:53:48+00:00,126,71,1
705,https://www.theringer.com/2020/6/18/21294510/breonna-taylor-louisville-police-black-lives-matter-protests,2020-06-20 15:12:40+00:00,96,92,1
706,https://www.zerohedge.com/political/blm-co-founder-admits-our-goal-get-trump-out,2020-06-20 15:27:55+00:00,182,367,1
707,https://aje.io/u9u3d,2020-06-20 15:44:42+00:00,152,24,1
708,https://www.buzzfeednews.com/article/peteraldhous/fbi-surveillance-plane-black-lives-matter-dc,2020-06-20 16:23:40+00:00,177,141,1
709,https://newspushed.com/candace-owens-democrats-caught-using-millions-donated-to-blm-to-fund-campaigns/,2020-06-20 16:47:58+00:00,51,63,1
710,http://change.org/BostonPrideBoardStepDown,2020-06-20 17:12:09+00:00,79,45,1
711,https://m.lasvegassun.com/news/2020/jun/20/emergency-ordinance-aims-to-silence-las-vegans/,2020-06-20 17:18:47+00:00,69,20,1
712,https://secure.actblue.com/donate/ms_blm_homepage_2019,2020-06-20 18:27:52+00:00,421,17,1
713,http://bit.ly/2YPHaQK,2020-06-20 19:01:08+00:00,80,26,1
714,http://bit.ly/2AUtko1,2020-06-20 19:01:08+00:00,80,26,1
715,http://bit.ly/3emk3Uk,2020-06-20 19:01:08+00:00,80,26,1
716,https://trib.al/FJuCbxi,2020-06-20 19:41:11+00:00,97,41,1
717,https://trib.al/j79Bbor,2020-06-20 19:48:23+00:00,686,616,1
718,https://gma.abc/30JGlLD,2020-06-20 20:00:01+00:00,583,59,1
719,https://trib.al/u6NnkUA,2020-06-20 20:10:48+00:00,179,56,1
720,https://www.politicalite.com/black-lives-matter/world-exclusive-black-lives-matters-financial-links-to-the-democrats-revealed/,2020-06-20 20:39:23+00:00,170,164,1
721,https://www.stltoday.com/news/multimedia/pictures/photos-muslims-march-mosque-to-mosque-for-justice/collection_a3029aed-0968-50eb-afc6-4bd8639364ae.html,2020-06-20 21:04:56+00:00,119,30,1
722,https://www.breitbart.com/politics/2020/06/19/exclusive-bernard-kerik-and-ken-blackwell-democrats-have-failed-the-black-community-for-too-long/,2020-06-20 21:13:34+00:00,70,108,1
723,https://bit.ly/3hOzHKr,2020-06-20 21:33:21+00:00,928,176,1
724,https://en.m.wikipedia.org/wiki/Death_of_Oury_Jalloh,2020-06-20 22:29:17+00:00,273,59,1
725,https://www.bizpacreview.com/2020/06/15/professor-blm-part-of-cultural-marxist-agenda-used-to-win-an-election-it-doesnt-help-black-people-934700,2020-06-20 22:35:11+00:00,770,464,1
726,https://unhyphenatedamerica.org/2020/06/20/black-lives-matter-when-someone-shows-you-who-they-are/,2020-06-20 22:51:54+00:00,136,31,1
727,https://www.seattletimes.com/opinion/why-seattle-educators-demand-cut-to-police-budget/,2020-06-20 23:19:58+00:00,64,22,1
728,https://www.dailymail.co.uk/news/article-8443035/Muhammad-Alis-son-says-famous-father-hated-racist-Black-Lives-Matter-protests.html,2020-06-20 23:33:46+00:00,585,602,1
729,https://www.thegatewaypundit.com/2020/06/antifa-black-lives-matter-mob-aint-burning-tulsa-oklahoma-officials-send-massive-national-guard-presence-deter-leftist-lawbreakers/?utm_source=Twitter&amp;utm_medium=PostTopSharingButtons&amp;utm_campaign=websitesharingbuttons,2020-06-20 23:33:53+00:00,396,418,1
730,https://tadeodoria.com/projects/48bEAn?album_id=68213,2020-06-21 00:01:03+00:00,150,19,1
731,https://www.sbs.com.au/nitv/article/2019/03/05/our-childrens-lives-deserve-more-silence-1,2020-06-21 00:12:06+00:00,36,26,1
732,https://nypost.com/2020/06/20/muhammad-alis-son-says-he-wouldve-hated-black-lives-matters/,2020-06-21 00:53:45+00:00,5401,1747,1
733,https://secure.actblue.com/donate/justiceforgeorge?refcode=twitter2,2020-06-21 00:53:59+00:00,44,21,1
734,http://bit.ly/2YUlFhx,2020-06-21 01:09:31+00:00,33,35,1
735,http://donate.refusefascism.org,2020-06-21 01:09:31+00:00,33,35,1
736,http://FightFor15.org,2020-06-21 02:45:03+00:00,43,18,1
737,https://www.seattletimes.com/seattle-news/black-fathers-matter-march/,2020-06-21 03:02:15+00:00,125,31,1
738,http://ow.ly/kbKc50AbLSe,2020-06-21 03:10:03+00:00,53,17,1
739,https://www.thegatewaypundit.com/2020/06/breaking-second-night-shooting-black-lives-matter-vigil-atlanta-man-attacked-mob-filming-videos/?utm_source=Twitter&amp;utm_campaign=websitesharingbuttons,2020-06-21 03:36:31+00:00,244,221,1
740,https://english.alarabiya.net/en/News/world/2020/06/21/Al-Arabiya-s-Nadia-Bilbassy-interrupted-by-Black-Live-Matter-protester-live-on-air.html,2020-06-21 03:44:08+00:00,32,23,1
741,https://ftcutd.myshopify.com/products/ftc-black-lives-matter-custom-vinyl-nameset,2020-06-21 03:54:16+00:00,23,11,1
742,http://Chicagoartsforblacklives.com,2020-06-21 03:55:12+00:00,37,32,1
743,https://gf.me/u/x6cdqg,2020-06-21 04:15:00+00:00,32,16,1
744,https://ketanjoshi.co/2020/06/20/the-racist-response-to-anti-racist-protests-in-australia/,2020-06-21 04:59:14+00:00,517,214,1
745,https://gf.me/u/x3kh8h,2020-06-21 05:15:00+00:00,43,25,1
746,https://www.murrayvalleystandard.com.au/story/6799948/national-reconciliation-still-a-long-way-off/?cs=1527,2020-06-21 07:38:34+00:00,27,18,1
747,http://blackmindsmatteruk.com,2020-06-21 08:35:02+00:00,62,59,1
748,https://www.thecut.com/2020/06/6-teens-organized-a-protest-10-000-people-showed-up.html,2020-06-21 11:16:08+00:00,95,32,1
749,https://blogs.ucl.ac.uk/public-engagement/2020/06/21/its-not-enough-to-say-black-lives-matter-time-for-academia-to-show-it/,2020-06-21 12:04:55+00:00,33,20,2
750,http://bit.ly/TEDxBLM,2020-06-21 12:41:06+00:00,43,19,1
751,http://trib.al/NAnMKU9,2020-06-21 13:03:28+00:00,177,16,1
752,http://abc7chicago.com,2020-06-21 13:07:27+00:00,118,82,1
753,http://www.blacklivesmatter.com,2020-06-21 13:08:24+00:00,157,78,1
754,https://www.thegatewaypundit.com/2020/06/whites-slaves-creepy-filmmaker-fantasizes-slavery/,2020-06-21 14:00:59+00:00,47,110,1
755,http://www.jadefilm.com,2020-06-21 14:35:48+00:00,122,42,1
756,http://p2a.co/kxwNMPm,2020-06-21 14:54:41+00:00,31,41,1
757,https://trib.al/jiO0o4r,2020-06-21 15:09:04+00:00,121,27,1
758,https://trib.al/eWuwfUB,2020-06-21 15:18:21+00:00,150,14,1
759,https://bit.ly/3fE4kjE,2020-06-21 16:40:22+00:00,7492,1656,1
760,http://ajplus.co/9xlpe,2020-06-21 17:01:00+00:00,497,209,1
761,https://therealtalkblog.com/realtalkpod/,2020-06-21 17:12:52+00:00,22,22,1
762,http://UntilJusticeIsReal.com,2020-06-21 17:34:00+00:00,164,67,1
763,http://IsiahForCongress.com,2020-06-21 17:59:03+00:00,233,99,1
764,https://www.express.co.uk/news/world/1295608/nigeria-news-rwanda-genocide-boko-haram-isis-islamic-state,2020-06-21 18:44:58+00:00,97,123,1
765,https://paypal.me/pools/c/8lv0NZmicl,2020-06-21 19:03:51+00:00,109,38,1
766,https://www.usatoday.com/story/sports/nba/hawks/2020/06/10/trae-young-protesting-social-media/5338373002/,2020-06-21 20:34:02+00:00,47,32,1
767,https://www.thegatewaypundit.com/2020/06/white-people-may-die-black-communities-made-whole-far-left-uga-teaching-assistant-black-lives-matter-movement/?utm_source=Twitter&amp;utm_medium=PostSideSharingButtons&amp;utm_campaign=websitesharingbuttons,2020-06-21 22:00:23+00:00,411,331,1
768,http://Instagram.com/jaaronmerchant,2020-06-21 22:48:21+00:00,35,11,1
769,https://www.them.us/story/suspect-arrested-for-murder-of-oluwatoyin-salau?utm_source=twitter&amp;utm_medium=social&amp;utm_campaign=onsite-share&amp;utm_brand=them&amp;utm_social-type=earned,2020-06-21 23:45:46+00:00,22,17,1
770,https://www.hinduhumanrights.info/should-we-knock-down-the-statue-of-racist-karl-marx/,2020-06-21 23:57:57+00:00,39,29,1
771,https://www.westernjournal.com/blm-co-founder-admits-goal-just-get-trump-alienates-black-trump-supporters/?utm_source=push&amp;utm_medium=westernjournalism&amp;utm_content=2020-06-20&amp;utm_campaign=pushtraffic,2020-06-21 23:34:34+00:00,199,308,1
772,https://www.rebelnews.com/vancouver_teachers_union_wants_to_ban_cops_from_schools_events,2020-06-21 23:42:36+00:00,187,107,1
773,https://www.axios.com/john-bolton-biden-trump-b216371a-5134-4d09-96af-76ad0fd74cca.html?utm_campaign=organic&amp;utm_medium=socialshare&amp;utm_source=twitter,2020-06-21 23:52:08+00:00,145,42,1
774,http://dlvr.it/RZ5HRR,2020-06-22 00:00:03+00:00,2,5,1
775,https://www.ebay.com/usr/baztekdotco_0,2020-06-22 00:01:08+00:00,10,4,1
776,https://www.bowmanforcongress.com/events,2020-06-22 03:48:54+00:00,537,111,1
777,http://claraweb.us/archives/34048,2020-06-22 04:14:27+00:00,162,40,2
778,https://metro.co.uk/2020/06/21/moment-angry-shopper-confronts-cop-freed-was-charged-george-floyds-death-12883104/amp/,2020-06-22 04:50:22+00:00,45,31,1
779,https://www.berkeleyside.com/2020/06/05/several-small-black-lives-matter-protests-in-berkeley-more-to-come,2020-06-22 05:15:37+00:00,25,8,1
780,https://www.coe.int/en/web/european-commission-against-racism-and-intolerance/ecri-standards,2020-06-22 05:38:00+00:00,48,18,1
781,https://www.hsj.co.uk/workforce/incoming-hee-chief-white-leaders-under-pressure-to-prove-black-lives-matter/7027880.article,2020-06-22 07:00:53+00:00,20,18,1
782,https://bit.ly/3hRijET,2020-06-22 07:09:03+00:00,58,12,1
783,http://archive.vn/h4QQt,2020-06-22 08:08:00+00:00,700,461,1
784,http://archive.vn/vce7v#selection-133.10-133.23,2020-06-22 08:08:00+00:00,700,461,1
785,https://n.news.naver.com/entertain/article/022/0003477246,2020-06-22 08:09:26+00:00,230,101,1
786,http://archive.vn/gifTr#selection-133.7-133.23,2020-06-22 08:09:44+00:00,578,393,1
787,http://archive.vn/eWROo,2020-06-22 08:09:44+00:00,578,393,1
788,https://nypost.com/2017/08/16/a-warning-from-george-orwell-on-the-monument-wars/,2020-06-22 08:25:33+00:00,65,65,1
789,https://mailchi.mp/ed92f86d8ed2/home-slough-newsletter-number-18943860,2020-06-22 09:08:49+00:00,26,17,1
790,https://www.vice.com/en_uk/article/bv8jy8/tiktok-educate-race-racism,2020-06-22 09:10:54+00:00,42,16,1
791,https://open.spotify.com/episode/2eRD8qQWEGvevkVY0iKpNn?si=p4g11mKdQn6Ez8QB53DI7g,2020-06-22 10:01:57+00:00,93,64,1
792,https://podcasts.apple.com/gb/podcast/the-beautiful-game-podcast/id1464558689#episodeGuid=https%3A%2F%2Fapi.spreaker.com%2Fepisode%2F32238290,2020-06-22 10:01:57+00:00,93,64,1
793,http://www.irr.org.uk/news/it-happens-here-too-resourcing-struggles-for-racial-justice/,2020-06-22 10:24:38+00:00,28,27,1
794,https://news.com.au/national/the-truth-about-how-aboriginal-people-are-treated-in-australia/news-story/b6f63cbe1c7db3209141de328ba47795#.ytdc1…,2020-06-22 10:39:22+00:00,50,31,1
795,https://www.thestar.co.uk/sport/football/sheffield-wednesday/sheffield-wednesday-live-owls-reiterate-blacklivesmatter-message-loan-deals-and-top-performers-2891027,2020-06-22 12:04:08+00:00,68,8,1
796,https://chicago.suntimes.com/crime/2020/6/20/21297470/chicago-fathers-day-weekend-shootings-homicide-gun-violence-june-19-22,2020-06-22 12:31:05+00:00,4909,2603,1
797,http://bossip.com/1912047/checkkkered-flag-nascars-only-black-athlete-bubba-wallace-has-noose-placed-in-his-garage-after-driving-blm-car/,2020-06-22 12:47:42+00:00,45,25,1
798,https://tinyurl.com/yde5g99u,2020-06-22 12:51:14+00:00,132,22,1
799,http://unf.pa/q5d,2020-06-22 13:13:57+00:00,62,29,1
800,https://bit.ly/2Ngc4fI,2020-06-22 13:35:03+00:00,123,50,1
801,https://science.sciencemag.org/content/368/6497/1322.1,2020-06-22 13:48:51+00:00,123,48,1
802,http://www.nestorgomezstoryteller.com/audio.html,2020-06-22 13:51:59+00:00,895,64,1
803,https://secure.actblue.com/donate/aarika-for-congress,2020-06-22 15:12:55+00:00,60,23,1
804,https://bit.ly/3dqkGuT,2020-06-22 15:23:05+00:00,81,38,1
805,https://aje.io/7z7cd,2020-06-22 15:30:08+00:00,112,53,1
806,https://bit.ly/3ehvyfD,2020-06-22 15:30:21+00:00,33,13,1
807,https://bit.ly/GirlsOnFilm2306,2020-06-22 15:43:59+00:00,38,16,1
808,http://bit.ly/demandjusticeforbre,2020-06-22 16:00:01+00:00,840,348,1
809,http://bit.ly/PRIDESUMMIT2020,2020-06-22 16:11:50+00:00,80,29,1
810,https://globalhealth.org/ghls/,2020-06-22 16:29:16+00:00,81,19,1
811,https://duallanguageschools.org/columns/dual-language-in-support-of-black-lives/,2020-06-22 16:39:12+00:00,129,36,1
812,http://bit.ly/swbeyondborders,2020-06-22 16:48:52+00:00,45,31,1
813,https://tinyurl.com/y6qwxq7x,2020-06-22 17:11:58+00:00,53,31,1
814,https://amgreatness.com/2020/06/18/never-bend-the-knee/,2020-06-22 17:15:26+00:00,1192,738,1
815,https://www.nbcnews.com/news/nbcblk/yale-keeps-school-named-slave-owner-pulls-master-faculty-title-n564036,2020-06-22 17:26:51+00:00,250,244,1
816,https://bit.ly/3dqmnse,2020-06-22 17:30:06+00:00,1322,605,1
817,https://tiltify.com/@limpachi/coch/,2020-06-22 18:28:29+00:00,66,46,1
818,http://bit.ly/3dhhamf,2020-06-22 18:50:37+00:00,124,51,1
819,https://www.prowrestlingtees.com/wrestler-t-shirts/gregory-iron/handstrong.html,2020-06-22 20:14:30+00:00,54,10,1
820,http://ChoteauAcantha.com,2020-06-22 20:16:45+00:00,237,50,1
821,https://www.pathsports.org/athletestakeaction,2020-06-22 20:32:38+00:00,119,28,1
822,https://pewrsr.ch/3fMFwGf,2020-06-22 20:43:05+00:00,48,13,1
823,https://sawant.seattle.gov/next-steps-for-chop-and-movement-against-racism-and-police-violence/,2020-06-22 21:00:57+00:00,35,11,1
824,https://blavity.com/indya-moores-can-i-come-too-is-a-powerful-plea-for-trans-inclusion-in-the-fight-for-black-liberation?category1=LGBT&amp;fbclid=IwAR2QdcW4MKjlYddIxwMB6HanoH1cKlz8QIenxHmOdOq8HGuWdoQa8suzli0,2020-06-22 21:03:23+00:00,410,168,1
825,https://buff.ly/2NmJ0TW,2020-06-22 21:21:54+00:00,130,25,1
826,http://banfacialrecognition.com,2020-06-22 22:00:18+00:00,33,26,1
827,https://www.washingtonpost.com/technology/2020/06/12/facial-recognition-ban/,2020-06-22 22:00:18+00:00,33,26,1
828,http://tv.insomniac.com,2020-06-22 22:09:13+00:00,31,15,1
829,https://instagram.com/prxject.twenty?igshid=7jlfr6h0tvf0,2020-06-22 22:24:07+00:00,34,38,1
830,https://magicartchallenge.scryfall.com/,2020-06-22 22:29:07+00:00,84,33,1
831,https://techcrunch.com/2020/06/22/google-employees-demand-company-stop-selling-tech-to-police/,2020-06-22 22:35:21+00:00,123,59,1
832,http://www.nestorgomezstoryteller.com/podcast.html,2020-06-22 23:14:51+00:00,280,32,1
833,https://www.rebelnews.com/university_of_british_columbia_board_chair_resigns_after_liking_tweets_critical_of_black_lives_matter,2020-06-22 23:27:30+00:00,98,54,1
834,http://www.wilpublication.com,2020-06-22 23:52:08+00:00,42,22,1
835,http://chng.it/vftQtWP6,2020-06-23 16:51:40+00:00,0,0,1
836,https://tmblr.co/ZwyXddYWrnhM4q00,2020-06-23 16:50:40+00:00,0,0,1
837,https://donorbox.org/donate-to-blac,2020-06-23 16:55:56+00:00,9,3,1
838,https://www.pinkwatts.com/news/llgfornaacp,2020-06-23 16:58:28+00:00,8,4,1
839,https://www.skysports.com/football/news/11095/12013169/mike-wedderburn-black-lives-matter-is-a-cry-for-help-not-an-attack-on-white-people,2020-06-23 17:03:00+00:00,0,0,1
840,http://blog.vulk.coop/donation-matching/,2020-06-23 16:58:53+00:00,5,8,1
841,https://www.thenation.com/article/society/police-free-schools/,2020-06-23 17:14:05+00:00,31,11,1
842,https://www.ibanet.org/Black-Lives-Matter-a-challenge-to-the-law.aspx,2020-06-23 16:28:00+00:00,8,2,1
843,https://www.equalrights.org/events/what-this-moment-means-to-our-movements-connecting-community-power-for-racial-justice/,2020-06-23 16:42:36+00:00,5,2,1
844,https://www.imdb.com/name/nm4190228/,2020-06-23 16:43:08+00:00,27,1,1
845,https://lapolicegear.com/def-tech-cool-it-decontamination-aid.html?sku=COOLIT_005,2020-06-23 16:44:43+00:00,8,4,1
846,http://bit.ly/tconfrontracism,2020-06-23 16:20:12+00:00,9,7,1
847,http://onbe.in/1K6M2Up,2020-06-23 16:42:53+00:00,19,1,1
848,https://buff.ly/2B0yYoE,2020-06-23 16:45:11+00:00,8,5,1
849,https://bit.ly/protect-black-lives,2020-06-23 16:30:10+00:00,15,4,1
850,https://www.prowrestlingtees.com/brosephjoebrody,2020-06-23 16:39:12+00:00,13,3,1
851,http://bit.ly/PrideConvos,2020-06-23 16:41:32+00:00,8,6,1
852,https://us02web.zoom.us/meeting/register/tZUkdO2gqjIrHtEEfSEBAyH-sq-PkRrYUjS1,2020-06-23 16:42:11+00:00,6,7,1
853,https://bit.ly/3hUna7Y,2020-06-23 16:30:11+00:00,16,5,1
854,https://comsen.se/3fOimiP,2020-06-23 16:44:19+00:00,7,9,1
855,https://www.rockthevote.org/how-to-vote/,2020-06-23 16:29:16+00:00,25,17,1
856,https://www.amazon.science/working-at-amazon/pride-and-prejudice-6-amazon-scientists-share-their-experiences,2020-06-23 16:37:26+00:00,25,22,1
857,http://GoFundHer.Com,2020-06-23 18:12:08+00:00,0,0,1
858,https://abcnews.go.com/Live,2020-06-23 18:05:10+00:00,121,39,1
859,https://www.societyofblackarchaeologists.com/,2020-06-23 18:34:08+00:00,32,24,1
860,https://medium.com/full-stack-biostats/from-filipino-white-supremacy-to-black-lives-matter-5bd3db91ad9f?source=friends_link&amp;sk=6aba3ee164e3a6ee65e2e1adac7f3a6e,2020-06-23 22:52:43+00:00,54,23,1
861,https://glovesnomore.blogspot.com/,2020-06-23 18:53:30+00:00,10,4,1
862,http://chng.it/MqXQkcFV,2020-06-23 20:03:52+00:00,396,461,1
863,https://zcu.io/Hqbp,2020-06-24 00:00:11+00:00,2,1,1
864,https://bit.ly/31gDoTn,2020-06-24 00:00:21+00:00,8,0,1
865,https://music.apple.com/us/album/900-man/1516503951,2020-06-24 00:00:51+00:00,0,0,1
866,https://audiomack.com/album/tay900-2/900-man,2020-06-24 00:00:51+00:00,0,0,1
867,https://ethicsintech.com/2020/06/03/ethics-in-tech-stands-with-blacklivesmatter/,2020-06-24 00:33:42+00:00,1,1,1
868,http://bit.ly/3eqHzzC,2020-06-24 00:00:14+00:00,3059,1182,1
869,https://cbsn.ws/3fMCK3G,2020-06-24 00:30:39+00:00,1842,508,1
870,https://amzn.to/3dtWnvO,2020-06-24 02:40:11+00:00,25,7,1
871,https://english.alarabiya.net/en/News/world/2020/06/24/Watch-White-protester-singles-out-Black-officer-in-DC-protest-calls-him-the-n-word.html,2020-06-24 01:44:13+00:00,182,169,1
872,https://www.nbcchicago.com/news/local/chicago-police-seek-to-identify-suspect-in-homicide-of-2-teens/2293194/?amp,2020-06-24 12:18:49+00:00,202,385,1
873,https://www.buzzfeednews.com/article/peteraldhous/black-lives-matter-protests-coronavirus-no-surges,2020-06-24 14:00:52+00:00,2723,1650,1
874,https://www.essentialsworldwide.com/product/shimmering-cream-eyeshadow/,2020-06-24 16:30:30+00:00,0,1,1
875,http://chng.it/pLvHsw5M,2020-06-24 16:51:28+00:00,7,5,1
876,https://nbcnews.to/2Zaw48U,2020-06-24 23:04:51+00:00,299,142,1
877,http://www.BLDPWR.com,2020-06-24 20:27:40+00:00,218,79,1
878,http://morethanavote.org,2020-06-24 17:23:02+00:00,1599,375,1
879,https://www.wsj.com/articles/after-years-of-debate-confederate-symbols-disappear-quickly-11591905565?st=1iax9yr55iq6ja5,2020-06-24 22:56:32+00:00,2,2,1
880,http://pb-resources.com,2020-06-25 00:00:08+00:00,0,2,1
881,https://open.spotify.com/track/4CPszpSnlbgnQLIQYyzIR2?si=-LzSHZBwREWdZbT9a19pdg,2020-06-25 00:00:11+00:00,1,0,1
882,https://www.gearbubble.com/blmgroup,2020-06-25 00:01:05+00:00,0,0,1
883,http://ow.ly/sok730qRFKw,2020-06-25 00:02:07+00:00,2,0,1
884,https://facebook.com/events/s/justice-for-elijah-mcclain-ral/1437018183161542/?ti=icl,2020-06-25 00:45:15+00:00,455,375,1
885,https://www.nytimes.com/2020/06/18/climate/climate-change-pregnancy-study.html?referringSource=articleShare,2020-06-25 01:38:01+00:00,2,1,1
886,http://linktr.ee/ghostdope,2020-06-25 00:53:01+00:00,859,807,1
887,http://linktr.ee/Justiceforelijahmcclain,2020-06-25 03:37:04+00:00,4263,1261,1
888,http://chng.it/yqzhY2pK,2020-06-25 03:42:27+00:00,22,48,1
889,https://www.change.org/p/racine-city-council-and-police-department-justice-for-tyrese-west,2020-06-25 04:00:43+00:00,1359,1830,1
890,https://www.businessinsider.in/business/news/it-took-black-lives-matter-protests-in-us-to-kill-fairness-creams-in-india/articleshow/76622179.cms,2020-06-25 09:08:52+00:00,2807,967,1
891,https://thehill.com/homenews/state-watch/504382-new-york-city-will-paint-black-lives-matter-on-street-in-front-of-trump,2020-06-25 13:38:34+00:00,350,154,1
892,https://www.charlotteobserver.com/news/nation-world/national/article243779512.html,2020-06-25 14:47:45+00:00,107,81,1
893,https://stpeteartsalliance.org/the-beautiful-new-black-lives-matter-mural/,2020-06-25 22:30:43+00:00,11,7,1
894,https://www.academics4blacklives.com,2020-06-26 00:00:00+00:00,0,0,1
895,https://buff.ly/2zy39mz,2020-06-26 00:00:02+00:00,0,0,1
896,https://patrissecullors.com/call-terrorist-black-lives-matter-memoir/,2020-06-26 00:00:03+00:00,5,1,1
897,http://riddlefromthemiddle.com/2020/06/25/blm-black-lives-matter-trude-lamb-robert-e-lee-high-school,2020-06-26 00:00:51+00:00,0,0,1
898,http://Vote.org,2020-06-26 00:02:20+00:00,0,0,1
899,https://breathewithmeaction.org/take-action/,2020-06-26 00:02:50+00:00,3,1,1
900,https://audiomack.com/song/djddongh/me-ni-foko-mixed-by-djddongh,2020-06-26 00:09:23+00:00,8,8,3
901,https://www.gofundme.com/f/elijah-mcclain,2020-06-26 00:19:25+00:00,11,3,1
902,http://ow.ly/UvxQ50Aibdp,2020-06-26 00:12:35+00:00,2,0,1
903,https://www.palmbeachpost.com/news/20200624/just-in-man-in-viral-wellington-video-apologizes-in-person-to-teens-families-lsquoi-take-total-responsibilityrsquo,2020-06-26 00:22:28+00:00,28,6,1
904,http://pridehouston.org,2020-06-26 00:48:01+00:00,29,16,1
905,https://bit.ly/2Nw9W3r,2020-06-26 00:31:58+00:00,3269,1087,1
906,https://www.cnn.com/videos/us/2020/06/25/elijah-mcclain-death-investigation-reexamination-colorado-governors-office-jimenez-nd-vpx.cnn,2020-06-26 00:53:58+00:00,7,0,1
907,https://www.rebelnews.com/the_social_ctv_proves_yet_again_liberals_operate_under_different_rules,2020-06-26 01:00:00+00:00,160,121,1
908,http://www.500words.me,2020-06-26 11:33:13+00:00,29,25,1
909,http://bit.ly/2Z9rCY3,2020-06-26 12:49:30+00:00,40,51,1
910,https://facebook.com/events/s/blackout-birmingham-blm/330273845038546/?ti=as,2020-06-26 14:22:12+00:00,6,2,1
911,http://selena.plus1.org,2020-06-26 14:48:16+00:00,6388,1007,1
912,https://sonicyouth.lnk.to/KoolThing,2020-06-26 14:58:54+00:00,1975,692,1
913,https://www.blacklivesmattergreaterny.com,2020-06-26 14:58:54+00:00,1975,692,1
914,http://www.mountaindew.com/realchange,2020-06-26 16:46:28+00:00,130,31,1
915,https://anewspost.com/teen-facing-life-in-prison-for-killing-her-sex-trafficker-is-released-on-bail/,2020-06-26 17:26:15+00:00,6,1,1
916,http://alicexz.art/BLM,2020-06-26 19:11:52+00:00,1236,532,1
917,http://chng.it/qGKYPSxfgF,2020-06-26 20:36:44+00:00,215,335,1
918,https://nypost.com/2020/06/25/blm-co-founder-describes-herself-as-trained-marxist/?utm_source=twitter_sitebuttons&amp;utm_medium=site%20buttons&amp;utm_campaign=site%20buttons,2020-06-27 00:00:00+00:00,2,0,1
919,https://www.cnn.com/style/article/shaun-leonardo-moca-snyder-resignation-controversy/index.html,2020-06-27 00:00:23+00:00,0,0,1
920,https://www.jacobinmag.com/2020/06/police-united-states-strikebreaking-class-war,2020-06-27 00:00:45+00:00,0,0,1
921,http://nbjc.org/ViacomCBSgives,2020-06-27 00:00:01+00:00,481,51,1
922,http://dlvr.it/RZS3p7,2020-06-27 00:03:04+00:00,0,0,1
923,http://chng.it/n2hk7gB9,2020-06-27 00:07:41+00:00,0,0,1
924,http://chng.it/xxHwjgG9,2020-06-27 00:08:05+00:00,0,1,1
925,https://thefederalist.com/2016/09/28/black-lives-matter-bringing-back-traditional-marxism/#.XvaRQyawFb4.twitter,2020-06-27 00:22:57+00:00,0,0,1
926,http://chng.it/4QDLV2ky,2020-06-27 00:24:24+00:00,1,0,1
927,https://www.etsy.com/ClassicSoundTees/listing/815635542/black-lives-matter-t-shirt-together-is?utm_source=Copy&amp;utm_medium=ListingManager&amp;utm_campaign=Share&amp;utm_term=so.lmsm&amp;share_time=1593216561381,2020-06-27 00:14:20+00:00,0,0,1
928,https://buff.ly/2Zb2ujS,2020-06-27 00:59:24+00:00,64,13,1
929,http://abcn.ws/2RiH3wd,2020-06-27 01:00:00+00:00,152,32,1
930,https://www.gofundme.com/f/zarias-transition-amp-healing?utm_source=twitter&amp;utm_medium=social&amp;utm_campaign=p_cp+share-sheet,2020-06-27 00:36:55+00:00,3,3,1
931,http://omgvip.com/cnco,2020-06-27 01:07:06+00:00,9667,1769,1
932,https://www.huffingtonpost.co.uk/entry/cressida-dick-black-lives-matter-has-provided-powerful-lessons-but-met-isnt-racist_uk_5ef5ebe4c5b6acab28407304?ncid=other_twitter_cooo9wqtham&amp;utm_campaign=share_twitter,2020-06-27 11:05:32+00:00,115,52,1
933,https://keytrendz.com/facebook-to-ban-more-hate-content-in-ads/,2020-06-27 12:09:41+00:00,0,0,1
934,https://www.cbc.ca/listen/live-radio/1-193-fresh-air/clip/15784608-julian-falconer-on-the-michael-theriault-case-and-the-beating-of-dafonte-miller,2020-06-27 14:14:10+00:00,138,68,1
935,https://www.dailywire.com/news/black-lives-matter-group-storms-beverley-hills-residential-area-eat-the-rich-abolish-capitalism-now,2020-06-27 16:11:46+00:00,1351,541,1
936,https://www.audubon.org/news/meet-harvard-ornithology-professor-biking-across-country,2020-06-27 17:11:15+00:00,1808,491,1
937,https://www.schcontario.ca/blog/systemic-racism-its-effects-on-minority-healthcare,2020-06-28 00:00:02+00:00,1,1,1
938,https://en.m.wikipedia.org/wiki/List_of_slave_owners,2020-06-28 00:00:05+00:00,0,2,1
939,https://sign.moveon.org/petitions/a-petition-for-anti-racism-action-by-survivor-entertainment-group-2?bucket=&amp;source=twitter-share-button&amp;utm_campaign=&amp;utm_source=twitter&amp;share=4b2c1b32-c20a-4b30-9596-05347c6e1cbe,2020-06-28 00:00:41+00:00,0,0,1
940,https://y.dsausa.org/the-activist/stories-of-struggle-ydsa-members-report-from-protests-against-racist-policing/,2020-06-28 00:01:00+00:00,37,10,1
941,https://m.jpost.com/opinion/the-link-between-george-orwell-george-floyd-and-the-jews-opinion-632825,2020-06-28 05:41:34+00:00,373,198,1
942,https://www.actionnewsjax.com/news/trending/man-fatally-shot-2-teens-after-they-asked-how-tall-he-is-police-say/VHMT3BRDYZHIVBICK7SMAWPIKM/,2020-06-28 05:46:30+00:00,10401,5155,1
943,https://ditto.fm/black-child,2020-06-28 17:36:16+00:00,3,0,1
944,https://aldianews.com/articles/politics/elijah-mcclains-death-police-hands-getting-second-look/59094,2020-06-29 00:00:31+00:00,2,0,1
945,http://chng.it/hTdn7sYK,2020-06-29 00:02:28+00:00,0,0,1
946,http://www.gofundme.com/diversifyevolution,2020-06-29 00:16:34+00:00,421,302,1
947,https://vine.co/v/e3jvM5x5bJY/,2020-06-29 00:18:57+00:00,0,0,1
948,https://pastebin.com/raw/UpAKZgU6,2020-06-29 00:26:25+00:00,4,4,1
949,http://www.hrc.org/explore,2020-06-29 00:38:34+00:00,1357,220,1
950,http://www.hrc.org/donate,2020-06-29 00:38:34+00:00,1357,220,1
951,https://iamavoter.com,2020-06-29 00:38:34+00:00,1357,220,1
952,http://chng.it/Nqm4nspWcR,2020-06-29 00:15:17+00:00,18,20,1
953,http://chng.it/z5XdMcMBCN,2020-06-29 00:22:35+00:00,0,1,1
954,http://www.thelastchip.com,2020-06-29 00:43:39+00:00,2914,468,1
955,http://dignityandpowernow.org/wp-content/uploads/2018/03/Press-Release-The-Mysterious-Death-of-Quinten-Thomas-Is-1-of-3-Deaths-Inside-Twin-Towers-Jail-This-Month-%E2%80%93-and-the-LASD-Remains-Quiet.pdf,2020-06-29 03:31:58+00:00,2212,3088,1
956,http://chng.it/c6jBGHbL,2020-06-29 03:34:44+00:00,28,11,1
957,http://chng.it/5c4dQgNt,2020-06-29 04:16:09+00:00,207,157,1
958,https://www.patreon.com/badiucao,2020-06-29 13:22:22+00:00,341,122,1
959,https://dailycaller.com/2020/06/22/larry-elder-black-lives-matter-reparations/,2020-06-29 13:19:49+00:00,3765,1282,2
960,https://aje.io/3fwwj,2020-06-29 16:20:13+00:00,182,75,1
961,http://linktr.ee/justiceforelijahmcclain,2020-06-29 13:26:29+00:00,113,76,1
962,http://blacklivesmatter.com,2020-06-29 19:08:44+00:00,0,0,1
963,http://andmagazine.com/talk/2020/06/23/black-lives-matter-leader-declares-war-on-police-says-will-develop-highly-trained-military-arm/,2020-06-29 22:22:09+00:00,3,2,1
964,http://onself.co/x5JsPt3,2020-06-29 23:01:12+00:00,932,240,1
965,https://www.nytimes.com/2020/06/29/opinion/letters/confederacy-black-descendants.html?smid=nytcore-ios-share,2020-06-29 19:19:54+00:00,1161,262,1
966,http://d4bl.org/,2020-06-30 00:00:00+00:00,6,2,1
967,https://bit.ly/2NI8Odk,2020-06-30 00:00:08+00:00,4,5,1
968,https://bit.ly/3hLZNNS,2020-06-30 00:01:00+00:00,0,0,1
969,https://www.craftliterary.com/black-lives-matter/,2020-06-30 00:01:25+00:00,0,0,1
970,https://www.abc.net.au/abckids/shows/play-school/hand-in-hand/12384202,2020-06-30 00:02:30+00:00,1,1,1
971,https://www.redbubble.com/people/OracleCases/shop?utm_source=rb-native-app&amp;utm_campaign=share-artist&amp;utm_medium=ios,2020-06-30 00:02:41+00:00,0,0,1
972,https://www.bostonglobe.com/2020/06/29/opinion/problem-is-white-supremacy/,2020-06-30 00:15:16+00:00,101,66,1
973,http://ow.ly/hUed30qUD5m,2020-06-30 01:00:37+00:00,29,13,1
974,http://bit.ly/UBNews,2020-06-30 02:39:03+00:00,102,2,1
975,http://UnitedBlackLibrary.org,2020-06-30 02:39:03+00:00,102,2,1
976,https://bit.ly/2YIaWrC,2020-06-30 03:12:10+00:00,897,132,1
977,http://paypal.me/blmokc,2020-06-30 01:00:40+00:00,64,79,1
978,https://www.breitbart.com/politics/2020/06/29/lapd-morale-collapses-to-record-low-its-simply-not-worth-it-any-longer/,2020-06-30 03:37:35+00:00,65,43,1
979,http://archive.vn/pPYM9#selection-129.4-133.8,2020-06-30 05:27:51+00:00,1367,715,1
980,https://www.law.cornell.edu/supremecourt/text/109/3,2020-06-30 14:39:07+00:00,10898,2675,1
981,https://www.fox32chicago.com/news/six-chicago-children-shot-dead-in-a-single-week,2020-06-30 14:53:32+00:00,3163,1832,1
982,https://www.rebelnews.com/learn_from_history_dont_erase_it,2020-06-30 20:33:37+00:00,86,42,1
