,Removed Link
0,https://youtu.be/5EtziM5Yjc4
1,https://youtu.be/9sxUWDMKML0
2,https://youtu.be/4AN25lV2xWM
3,http://ow.ly/u5BE50zR01c
4,https://youtu.be/KTWIha_rwEg
5,https://youtu.be/y6pJI592aZA
6,https://moms.ly/2TLpbcw
7,https://youtu.be/KBpwIZ3s2qA
8,https://youtu.be/h2Xesxc8DfI
9,https://youtu.be/xJZ_H-9ZLk4
10,https://youtu.be/uvrQxS4_2FQ
11,https://youtu.be/5NO0OcntM5o
12,https://youtu.be/PobaUeDO5kk
13,https://youtu.be/gsAaVvV5puU
14,https://youtu.be/gAfZO8aFmVc
15,https://youtu.be/sY65PHPsIdA
16,https://youtu.be/pQMmMgEpIPA
17,https://youtu.be/CQviUzACCag
18,http://bit.ly/3etTAUu
19,https://youtu.be/PkQiyc5p0T4
20,https://youtu.be/ryBTggO63wo
21,https://youtu.be/PW6uv94kQOg
22,https://youtu.be/pfcBROUFw8k
23,https://youtu.be/Q88Gy2a8ocQ
24,https://youtu.be/87wWueDaAQI
25,https://youtu.be/XncKKZ-nu8w
26,https://youtu.be/NtmZrePFIxc
27,https://youtu.be/2VpI6Tn9Ljg
28,https://youtu.be/Ec3zuNGobVk
29,https://bit.ly/GaryOwen_Lockdown
30,https://youtu.be/AbDeQfWO6UQ
31,https://bit.ly/2ZKzcdw
32,http://bit.ly/standdownmn
33,https://youtu.be/VE-q42fMyV4
34,https://youtu.be/r3yjOG9RwV0
35,https://youtu.be/gnE2zMkQ8KI
36,https://youtu.be/tvbRz9vmnhA
37,https://youtu.be/khUZFvdFH7k
38,https://youtu.be/cESg37OFeso
39,http://bit.ly/2XMTzEi
40,https://bit.ly/2XMTzEi
41,http://bit.ly/3dgPgYC
42,https://youtu.be/dW6Cm1aRSfE
43,https://youtu.be/Man4Xw8Xypo
44,https://youtu.be/gTaGG2qSZ0o
45,https://bit.ly/3clgpsb
46,https://youtu.be/VNSvlaPuCo4
47,https://youtu.be/2UNGfoBERME
48,https://youtu.be/vuZkE4euki4
49,http://youtu.be/i7Jna_DyzOw
50,https://bit.ly/3choVIn
51,https://bit.ly/36Hordp
52,https://youtu.be/Y-G49dAtYms
53,https://bit.ly/3eDiNvA
54,https://youtu.be/yW6Ntr1r9OY
55,https://youtu.be/hderHltHkok
56,https://bit.ly/3eLEXw7
57,https://bit.ly/3eAz84p
58,https://youtu.be/4yrg7vV4a5o
59,https://bit.ly/3eDg3yu
60,http://spr.ly/6019G1p8J
61,https://youtu.be/oR8SSPxVxSI
62,https://buff.ly/3eE4d77
63,https://youtu.be/SMSYwyw2GjU
64,http://ow.ly/54PV30qLIcN
65,https://bit.ly/3cp5RIz
66,https://bit.ly/2ArTv4Y
67,https://bit.ly/2XO1Urj
68,https://youtu.be/wPPzsXCwpm4
69,https://youtu.be/8dVwIMakg50
70,https://youtu.be/UBH2jc29vzw
71,https://youtu.be/36V2ZwmOjR8
72,https://bit.ly/2ZYpaFI
73,https://buff.ly/3dqVPYz
74,https://youtu.be/nuqmDKCUhg0
75,http://bit.ly/DMGBLM
76,https://youtu.be/ZMoK9oGrSlA
77,http://youtube.com/watch?v=bCgLa25fDHM&amp;feature=youtu.be
78,http://bit.ly/2XWC1pE
79,https://youtu.be/s83yj-hBscY
80,https://buff.ly/3gD0SHv
81,https://bit.ly/2ZWvm13
82,https://youtu.be/dJoYnHGN9PI
83,http://bit.ly/3gEMZIV
84,https://youtu.be/wqCpjFMvz-k
85,https://bit.ly/EP_Book
86,http://bit.ly/EP_VOD
87,https://youtu.be/ExdvBidtSTY
88,https://buff.ly/2Xl3nXh
89,https://bit.ly/2Xo5WYM
90,https://bit.ly/2zGb0yF
91,https://bit.ly/3ckrU2R
92,https://youtu.be/t_jOCXc-4_U
93,https://bit.ly/2MlDa4G
94,http://ow.ly/FEUQ50zVGCa
95,https://bit.ly/3dnn32r
96,http://youtu.be/XOxKfLJyWQY
97,http://youtube.com/watch?v=BKQtIEzr2nM
98,https://youtu.be/ax4UrlDGl3s
99,http://ow.ly/Y4xC50zVxG9
100,https://youtu.be/5i1cIw97h9M
101,https://bit.ly/36NZwFc
102,https://youtu.be/mbzVtrKpgko
103,https://youtu.be/dKku0AfTs0c
104,http://bit.ly/3eD5Odr
105,http://bit.ly/L2LCOVID
106,https://bit.ly/3eC1tHn
107,https://bit.ly/36QhGWW
108,https://youtu.be/EuVheWE7Czs
109,https://youtu.be/S7jnzOMxb14
110,https://bit.ly/3dhF5Tz
111,https://bit.ly/3gCwqgJ
112,https://youtu.be/kJf3YQoknn8
113,https://youtu.be/43gm3CJePn0
114,https://youtu.be/bCgLa25fDHM
115,https://youtu.be/eXvBjCO19QY
116,https://bit.ly/2Mj8jW8
117,https://bit.ly/36M5l62
118,https://youtu.be/oz0CKlGj3uI
119,https://bit.ly/2XpoJCW
120,https://buff.ly/2XpIzOn
121,http://bit.ly/fgceomessage
122,https://bit.ly/36TPjXT
123,http://ow.ly/WMCm50zX83f
124,http://bit.ly/308WppU
125,https://youtu.be/HC3RXzRTueg
126,https://youtu.be/SEwClyqMEkc
127,https://youtu.be/Qj0wp_Iy_8E
128,https://bit.ly/3gQgMhB
129,http://youtu.be/H-kA3UtBj4M
130,https://bit.ly/2XqyS1X
131,https://youtu.be/hLKHScJbDxk
132,https://bit.ly/2U5UUoG
133,https://bit.ly/36RrgZI
134,http://bit.ly/UODriveThru
135,https://bit.ly/2XsdxWg
136,https://bit.ly/2MlfYTR
137,https://bit.ly/375iTKh
138,http://bit.ly/2TXHQ4K
139,http://ow.ly/zPCr50zWVRS
140,https://bit.ly/2XoFQEW
141,https://youtu.be/oObsw2pAq_w
142,https://youtu.be/085u0NnAgjA
143,http://bit.ly/2ACwMmH
144,https://buff.ly/2XXISz7
145,https://youtu.be/tbicAmaXYtM
146,https://youtu.be/Cnhn-vFaI-o
147,https://youtu.be/tonBx_g2L_0
148,https://bit.ly/2yX66N
149,https://bit.ly/3cyyyTv
150,https://bit.ly/3drOdFh
151,https://bit.ly/2MpIV1b
152,http://ow.ly/QcqP50zWKwT
153,http://bit.ly/2U2FP7j
154,https://bit.ly/2ZTpk1k
155,https://youtu.be/HqPGdw3BP6M
156,https://youtu.be/F8eOW8XZ0mw
157,https://youtu.be/dEM1zn3hmy0
158,https://youtu.be/NokTSpMH44A
159,https://youtu.be/i0K-1IM3Hu0
160,https://youtu.be/NLIFZ1wpnD8
161,http://bit.ly/3gSJ8In
162,https://bit.ly/3eHpZHb
163,https://youtu.be/XyiXYDw9P70
164,https://buff.ly/2Mx4Bsp
165,https://youtu.be/6rESLZLgfJ8
166,https://youtu.be/s3int3UjLHQ
167,https://youtu.be/ACaC1VDaE6Q
168,https://buff.ly/2XVQgLh
169,https://youtu.be/-f8AjgHPuv4
170,https://bit.ly/2XoHSox
171,https://youtu.be/5_-g4tbUNHU
172,https://bit.ly/2ZXq1qe
173,https://youtu.be/G1A725NNZUg
174,https://youtu.be/PobrSpMwKk4
175,https://bit.ly/3cnYjFN
176,http://youtu.be/bCgLa25fDHM
177,https://bit.ly/36PYFDY
178,https://bit.ly/2MtRUhI
179,https://bit.ly/3drgPOV
180,https://youtu.be/c_ESh81zaFs
181,https://youtu.be/7vze_nH6Q7s
182,https://buff.ly/3dum9kr
183,https://youtu.be/aOBwXOgIIb8
184,https://bit.ly/2MnfXim
185,https://youtu.be/PAGYrhYzzTg
186,https://youtu.be/q_qB6SsErpA
187,https://youtu.be/xHCSlR3g1Yg
188,https://bit.ly/UNA_Statement
189,https://youtu.be/5XmOV3EJ5b4
190,https://youtu.be/EUeuZ5xYDBQ
191,https://youtu.be/zTKjwisdARU
192,https://youtu.be/Xwgxs2XQrJ4
193,http://ow.ly/h04E50zXTxl
194,https://bit.ly/36U2LuK
195,https://bit.ly/305cdtU
196,https://youtu.be/4nEisxXSrXA
197,https://bit.ly/3cwAdZz
198,https://youtu.be/gC2sQxk-2i8
199,http://bit.ly/2AAclqN
200,https://bit.ly/3dvrTdY
201,https://bit.ly/2MsbCuu
202,https://youtu.be/upiJnjJSerw
203,https://bit.ly/2AAclqN
204,https://bit.ly/wordfortheday
205,https://bit.ly/3gPadvT
206,http://buff.ly/2TQkQo8
207,https://youtu.be/agNhEAVWtHY
208,https://bit.ly/2AB2nFm
209,https://bit.ly/3du7i9U
210,https://hubs.ly/H0r31XG0
211,https://bit.ly/36X9DHG&gt
212,https://bit.ly/2U2HY39&gt
213,https://bit.ly/2U5mXVp&gt
214,https://bit.ly/3eNwJ6D&gt
215,https://bit.ly/3gNWeq3
216,https://youtu.be/77BmmJaRhd0
217,https://youtu.be/x_S_AwNmH30
218,http://youtu.be/P06Yh9ODkPw
219,https://youtu.be/9ckv6-yhnIY
220,https://youtu.be/b1pYW4Bq2CA
221,http://ow.ly/cELN50zZa7R
222,https://youtu.be/kgPDAXjBCco
223,https://bit.ly/2A2I6Zp
224,https://bit.ly/2XyqvBS
225,https://youtu.be/WecnYNvHdpY
226,http://ow.ly/Hl4H50zYUwp
227,http://ow.ly/gNMP50zYTlI
228,https://youtu.be/g1D3fdyU9ZE
229,https://bit.ly/2ACJzG0
230,https://bit.ly/2XZ2mTP
231,https://bit.ly/3eML4jC
232,https://youtu.be/mlNecOX0ld8
233,https://buff.ly/3ePKuli
234,https://bit.ly/2Zq1qe
235,https://bit.ly/2Mrn8Gl
236,https://youtu.be/OkjR9hMhcqY
237,https://youtu.be/T5fnFNa69SI
238,https://bit.ly/30dxXUm
239,https://youtu.be/WHA_ki1ufbQ
240,http://bit.ly/36X9DHG&gt
241,https://youtu.be/Rorgjdvphek
242,https://youtu.be/Vn_iBDKm-9w
243,https://youtu.be/XeCbYPYMz9o
244,https://youtu.be/BpunsN5DZ_U
245,https://youtu.be/OrdPeEjn0fU
246,https://youtu.be/slbNdBuQzKw
247,http://bit.ly/2Ljn9LS
248,http://bit.ly/3dPR5vB
249,https://bit.ly/3ctIYDx
250,https://youtu.be/A0_XYICgAD4
251,https://bit.ly/2XXsRZP
252,https://youtu.be/jYVNT_PxFOk
253,https://youtu.be/mqNZc9Fuzaw
254,https://bit.ly/2XzpdGN
255,https://youtu.be/WkFxTxo5dvw
256,https://youtu.be/sb9_qGOa9Go
257,http://bit.ly/2A7LYs9
258,https://youtu.be/pFnODWMqr2Q
259,https://bit.ly/2TRlAcD
260,http://bit.ly/LOLPLUTOTV
261,https://youtu.be/ZLLSjT_x_5Q
262,https://bit.ly/2YcVr9D
263,https://buff.ly/3cjAa3p
264,https://youtu.be/eUQUGEQW-3A
265,https://bit.ly/Subscribe-to-Phil
266,http://youtu.be/AdPTtj7MyJw
267,https://youtu.be/xcNIs8Il-5k
268,https://bit.ly/2AOv3ef
269,https://youtu.be/CVNGau3M5_s
270,https://youtu.be/73DBeuN0ek8
271,https://youtu.be/zIPHwo1StI8
272,https://youtu.be/RyD9CgA3UKI
273,https://bit.ly/2XVv1KD
274,https://bit.ly/mteafo
275,https://youtu.be/gXZH-Sz2Ens
