,Link
0,https://bit.ly/2X5Hw5O
1,https://bit.ly/3d5lwO1
2,https://youtu.be/5EtziM5Yjc4
3,https://youtu.be/9sxUWDMKML0
4,https://bit.ly/KJMyAm
5,https://youtu.be/4AN25lV2xWM
6,http://ow.ly/u5BE50zR01c
7,https://youtu.be/KTWIha_rwEg
8,https://bit.ly/2XGC9Jo
9,https://bit.ly/2XCuqwf
10,https://youtu.be/y6pJI592aZA
11,https://bit.ly/2TLpG6o
12,http://ow.ly/wpjQ50zSTFp
13,https://moms.ly/2TLpbcw
14,https://bit.ly/36DnVNG
15,https://bit.ly/3gwYQbN
16,http://bit.ly/ANTIRACISMRESOURCES
17,https://bit.ly/UnionMembers4GeorgeFloyd
18,https://youtu.be/KBpwIZ3s2qA
19,https://youtu.be/h2Xesxc8DfI
20,https://youtu.be/xJZ_H-9ZLk4
21,https://youtu.be/uvrQxS4_2FQ
22,https://youtu.be/5NO0OcntM5o
23,http://ow.ly/aNhJ50zRQ3v
24,http://bit.ly/2XBgeDt
25,http://bit.ly/3daXilA
26,http://bit.ly/2zC0VCE
27,http://bit.ly/36D9Ek7
28,http://bit.ly/2ZIt2uz
29,http://bit.ly/2yEAtI1
30,http://bit.ly/3daumu6
31,http://bit.ly/2M26P2w
32,http://bit.ly/3gyhIay
33,http://bit.ly/SEARACblm
34,https://youtu.be/PobaUeDO5kk
35,https://youtu.be/gsAaVvV5puU
36,https://youtu.be/gAfZO8aFmVc
37,https://bit.ly/LGBTQ-BLM-letter
38,https://bit.ly/3gDvzMs
39,https://bit.ly/2XIU5TR
40,https://bit.ly/3gAihk2
41,https://bit.ly/2XdL5qH
42,https://bit.ly/2BfNB7v
43,https://youtu.be/sY65PHPsIdA
44,https://bit.ly/36zHMNE
45,https://youtu.be/pQMmMgEpIPA
46,https://bit.ly/InSolidarity
47,https://bit.ly/3dfeaaR
48,https://bit.ly/m4blcall2action
49,https://bit.ly/2AlAVLX
50,https://youtu.be/CQviUzACCag
51,https://bit.ly/asians-dont-call-cops
52,http://bit.ly/3etTAUu
53,https://bit.ly/3ewHs5b
54,http://bit.ly/2TLpG6o
55,https://buff.ly/3d9V7yN
56,https://bit.ly/2ZO9Vzf
57,http://bit.ly/DEFUNDMPD
58,https://youtu.be/PkQiyc5p0T4
59,https://bit.ly/2XK6RRU
60,https://bit.ly/2ZUOI6Z
61,http://bit.ly/honoringfloyd
62,https://bit.ly/2B7fgat
63,https://youtu.be/ryBTggO63wo
64,http://bit.ly/sutrstatement
65,https://youtu.be/PW6uv94kQOg
66,https://youtu.be/pfcBROUFw8k
67,https://bit.ly/2TN4Ljm
68,https://bit.ly/2zwjCI1
69,https://bit.ly/2XauiF8
70,https://bit.ly/2XcXRG3
71,https://bit.ly/3deeCpZ
72,https://youtu.be/Q88Gy2a8ocQ
73,https://youtu.be/87wWueDaAQI
74,https://youtu.be/XncKKZ-nu8w
75,https://youtu.be/NtmZrePFIxc
76,https://bit.ly/JusticeForRegisHFX
77,https://youtu.be/2VpI6Tn9Ljg
78,https://youtu.be/Ec3zuNGobVk
79,https://bit.ly/36EqizP
80,http://bit.ly/blkfreshair
81,https://bit.ly/GaryOwen_Lockdown
82,https://youtu.be/AbDeQfWO6UQ
83,https://bit.ly/2ZKzcdw
84,http://bit.ly/standdownmn
85,https://youtu.be/VE-q42fMyV4
86,https://hubs.ly/H0q-1RH0
87,https://youtu.be/r3yjOG9RwV0
88,http://ow.ly/OSg850zUqQi
89,https://bit.ly/3eBo8Ua
90,http://bit.ly/JusticeForRegisHFX
91,https://youtu.be/gnE2zMkQ8KI
92,https://youtu.be/tvbRz9vmnhA
93,https://youtu.be/khUZFvdFH7k
94,http://bit.ly/2AidVNV
95,https://youtu.be/cESg37OFeso
96,http://bit.ly/2XMTzEi
97,http://bit.ly/3gAihk2
98,http://bit.ly/2XdL5qH
99,http://bit.ly/defundmpd
100,https://bit.ly/2XMTzEi
101,http://bit.ly/3dgPgYC
102,https://youtu.be/dW6Cm1aRSfE
103,https://bit.ly/2TU54sq
104,https://bit.ly/2TVhpge
105,https://youtu.be/Man4Xw8Xypo
106,https://youtu.be/gTaGG2qSZ0o
107,https://bit.ly/3eAy28Q
108,https://bit.ly/3cendYs
109,https://bit.ly/2ZTaPdL
110,https://bit.ly/2Mhd5DD
111,https://bit.ly/3clgpsb
112,https://bit.ly/36OjIa3
113,https://bit.ly/36LWIII
114,https://bit.ly/2Mi3MDy
115,https://youtu.be/VNSvlaPuCo4
116,http://bit.ly/BlackLivesAction
117,http://bit.ly/NAACP_GISH
118,https://bit.ly/TechBLMStatements
119,http://bit.ly/2SEq5GS
120,https://youtu.be/2UNGfoBERME
121,https://youtu.be/vuZkE4euki4
122,https://bit.ly/2TQm7f9
123,http://youtu.be/i7Jna_DyzOw
124,https://bit.ly/2ZRGBrw
125,https://bit.ly/3choVIn
126,https://bit.ly/3cqdE92
127,https://buff.ly/2TUUCRr
128,http://bit.ly/Asians4BlackLivesPoster
129,http://bit.ly/Justice2020
130,https://bit.ly/2ZSKCvX
131,http://bit.ly/36KzAdA
132,https://bit.ly/36Hordp
133,https://youtu.be/Y-G49dAtYms
134,https://bit.ly/3eDiNvA
135,https://youtu.be/yW6Ntr1r9OY
136,https://youtu.be/hderHltHkok
137,https://bit.ly/2XKpd5r
138,http://bit.ly/blackbailfund
139,https://bit.ly/3eLEXw7
140,https://bit.ly/2BdmzgR
141,http://Bit.ly/blmpg
142,https://bit.ly/3ey3gNO
143,https://bit.ly/2MkjM7P
144,https://bit.ly/3gGe3qU
145,https://bit.ly/3ckSGrX
146,https://bit.ly/3eAz84p
147,https://youtu.be/4yrg7vV4a5o
148,http://ow.ly/vRpo30qL80O
149,https://bit.ly/InSolidarityBLM
150,https://bit.ly/3eDg3yu
151,http://spr.ly/6019G1p8J
152,https://youtu.be/oR8SSPxVxSI
153,https://buff.ly/3eE4d77
154,https://youtu.be/SMSYwyw2GjU
155,https://bit.ly/2Y3Iwaf
156,https://nature.ly/2zRb4vm
157,https://youtu.be/dZBZ_hwUobw
158,https://bit.ly/2XnuDo5
159,https://bit.ly/3cp0Fo3
160,http://ow.ly/54PV30qLIcN
161,https://bit.ly/3cp5RIz
162,https://bit.ly/BPMHowtoHelp
163,https://bit.ly/2ArTv4Y
164,http://ow.ly/BvEp50zW4Sn
165,https://bit.ly/3gHXknl
166,https://bit.ly/2TXgsnG
167,https://bit.ly/2XO1Urj
168,http://ow.ly/vy8T50zVW8Z
169,https://youtu.be/wPPzsXCwpm4
170,https://youtu.be/8dVwIMakg50
171,https://youtu.be/UBH2jc29vzw
172,https://youtu.be/36V2ZwmOjR8
173,https://bit.ly/3clQxfK
174,https://bit.ly/3eGlDQy
175,http://bit.ly/ALA-standswith-BCALA
176,https://bit.ly/2ZYpaFI
177,http://bit.ly/36QJ473
178,https://buff.ly/3dqVPYz
179,https://youtu.be/nuqmDKCUhg0
180,http://bit.ly/DMGBLM
181,https://bit.ly/2TUh1OQ
182,https://youtu.be/ZMoK9oGrSlA
183,http://youtube.com/watch?v=bCgLa25fDHM&amp;feature=youtu.be
184,http://ow.ly/pFMM50zVYjp
185,http://bit.ly/2XWC1pE
186,https://bit.ly/3gJGlkw
187,http://ow.ly/xqaD50zVJNt
188,https://bit.ly/2ZUp9CV
189,https://youtu.be/s83yj-hBscY
190,https://buff.ly/3gD0SHv
191,http://bit.ly/2BqEqRT
192,https://bit.ly/2ZWvm13
193,https://youtu.be/dJoYnHGN9PI
194,http://bit.ly/3dpr46m
195,https://bit.ly/blm-allyship
196,http://bit.ly/3gEMZIV
197,https://youtu.be/wqCpjFMvz-k
198,https://bit.ly/2TZZPaI
199,https://bit.ly/3eCzl79
200,https://bit.ly/EP_Book
201,http://bit.ly/EP_VOD
202,http://ow.ly/65Hz50zVP4G
203,https://youtu.be/ExdvBidtSTY
204,https://bit.ly/2BqEqRT
205,https://bit.ly/3gFVpQ1
206,https://buff.ly/2Xl3nXh
207,https://bit.ly/2Xo5WYM
208,https://bit.ly/2XPDIF9
209,https://bit.ly/3cio9uQ
210,https://bit.ly/Race_Justice
211,https://bit.ly/2zGb0yF
212,https://bit.ly/3ckrU2R
213,https://youtu.be/t_jOCXc-4_U
214,https://bit.ly/2ZVlRiC
215,https://bit.ly/2MlDa4G
216,http://ow.ly/FEUQ50zVGCa
217,http://ow.ly/x7e550zVBRQ
218,https://bit.ly/3dnn32r
219,http://youtu.be/XOxKfLJyWQY
220,https://bit.ly/2ZXxN3m
221,https://bit.ly/TS_BLM
222,http://youtube.com/watch?v=BKQtIEzr2nM
223,https://youtu.be/ax4UrlDGl3s
224,http://ow.ly/Y4xC50zVxG9
225,https://bit.ly/3gIMQEc
226,https://youtu.be/5i1cIw97h9M
227,https://bit.ly/36NZwFc
228,http://bit.ly/2MhBppa
229,https://bit.ly/3eFo9XA
230,https://youtu.be/mbzVtrKpgko
231,https://youtu.be/dKku0AfTs0c
232,http://bit.ly/3eD5Odr
233,http://bit.ly/2TYYFMD
234,http://bit.ly/36Rr8sV
235,http://bit.ly/L2LCOVID
236,https://bit.ly/3eC1tHn
237,http://bit.ly/2Asrb2B
238,https://bit.ly/2zHX5YS
239,https://bit.ly/36QhGWW
240,https://bit.ly/2zOazSN
241,https://youtu.be/EuVheWE7Czs
242,https://bit.ly/36Ldesw
243,https://youtu.be/S7jnzOMxb14
244,https://bit.ly/3dhF5Tz
245,https://bit.ly/2MiQbvK
246,https://bit.ly/3gCwqgJ
247,https://youtu.be/kJf3YQoknn8
248,https://youtu.be/43gm3CJePn0
249,https://youtu.be/bCgLa25fDHM
250,https://youtu.be/eXvBjCO19QY
251,https://bit.ly/2Mj8jW8
252,http://bit.ly/2yPfceL
253,https://bit.ly/36M5l62
254,https://buff.ly/2TZyUfn
255,http://bit.ly/2Ud0jL1
256,https://youtu.be/oz0CKlGj3uI
257,https://hubs.ly/H0r2DnB0
258,https://bit.ly/2XpoJCW
259,https://bit.ly/3eAV13F
260,https://buff.ly/2XpIzOn
261,http://bit.ly/fgceomessage
262,https://bit.ly/36TPjXT
263,http://bit.ly/RISEBlackLives
264,http://bit.ly/15waystoact
265,https://bit.ly/2yW9VlG
266,http://ow.ly/AhRh50zX8ow
267,http://ow.ly/WMCm50zX83f
268,http://bit.ly/308WppU
269,https://youtu.be/HC3RXzRTueg
270,https://bit.ly/GLSEN-NSC-BlackLivesMatter
271,https://bit.ly/2XWKbhw
272,https://youtu.be/SEwClyqMEkc
273,https://buff.ly/3dsH9Ir
274,https://youtu.be/Qj0wp_Iy_8E
275,https://bit.ly/3gQgMhB
276,http://youtu.be/H-kA3UtBj4M
277,http://ow.ly/OXV050zX5jI
278,https://bit.ly/3dvCRQs
279,https://bit.ly/2XqyS1X
280,https://youtu.be/hLKHScJbDxk
281,https://bit.ly/2U5UUoG
282,https://bit.ly/36RrgZI
283,https://bit.ly/3gMya73
284,http://bit.ly/UODriveThru
285,https://bit.ly/3gKlz4b
286,https://bit.ly/2XsdxWg
287,https://bit.ly/2XXYLWh
288,https://buff.ly/3gG1pbw
289,https://bit.ly/3eGCR0j
290,http://bit.ly/sutrdonate
291,https://bit.ly/2MlfYTR
292,https://bit.ly/3dtGdU2
293,https://bit.ly/375iTKh
294,http://bit.ly/2TXHQ4K
295,https://bit.ly/3duYNeO
296,https://bit.ly/2XoJAWY
297,http://ow.ly/zPCr50zWVRS
298,https://bit.ly/2XoFQEW
299,http://ow.ly/sTLI30qLZRp
300,https://youtu.be/oObsw2pAq_w
301,https://youtu.be/085u0NnAgjA
302,http://bit.ly/2ACwMmH
303,https://buff.ly/2XXISz7
304,https://youtu.be/tbicAmaXYtM
305,https://youtu.be/Cnhn-vFaI-o
306,https://youtu.be/tonBx_g2L_0
307,https://bit.ly/2yX66N
308,https://bit.ly/3cyyyTv
309,http://www.bit.ly/AllyGuideBLM
310,https://bit.ly/3eGRlgI
311,https://bit.ly/2AuL3Sw
312,https://bit.ly/2BrmB52
313,http://ow.ly/eKJq30qLYNk
314,http://bit.ly/INDEFENSEOFBLACKLIFE
315,https://bit.ly/ResourcesAntiracism
316,https://bit.ly/3drOdFh
317,https://bit.ly/2MpIV1b
318,http://ow.ly/QcqP50zWKwT
319,http://bit.ly/2U2FP7j
320,https://bit.ly/3gLmxgt
321,https://bit.ly/2ZTpk1k
322,https://bit.ly/3eJQU5m
323,https://youtu.be/HqPGdw3BP6M
324,https://youtu.be/F8eOW8XZ0mw
325,https://youtu.be/dEM1zn3hmy0
326,https://youtu.be/NokTSpMH44A
327,https://youtu.be/i0K-1IM3Hu0
328,https://bit.ly/2Br7clg
329,https://bit.ly/3029zW0
330,https://bit.ly/3csE3mz
331,https://youtu.be/NLIFZ1wpnD8
332,http://bit.ly/3gSJ8In
333,http://bit.ly/2XRX4cO
334,https://bit.ly/2Mkzy2z
335,https://bit.ly/3eHpZHb
336,https://youtu.be/XyiXYDw9P70
337,https://buff.ly/2Mx4Bsp
338,https://youtu.be/6rESLZLgfJ8
339,https://bit.ly/2XRClWl
340,https://bit.ly/2XTZmId
341,https://youtu.be/4-D7bizkg-8
342,http://ow.ly/dxlY50zWvnV
343,https://youtu.be/s3int3UjLHQ
344,https://buff.ly/3cpDSbJ
345,http://ow.ly/VAmF30qLSk4
346,https://youtu.be/ACaC1VDaE6Q
347,https://buff.ly/2XVQgLh
348,https://bit.ly/3dp46fy
349,https://bit.ly/3eHYM7j
350,https://youtu.be/-f8AjgHPuv4
351,https://bit.ly/2XoHSox
352,https://youtu.be/5_-g4tbUNHU
353,https://buff.ly/2AvRODs
354,https://bit.ly/2ZYOVpB
355,https://bit.ly/2ZXq1qe
356,https://bit.ly/2yUfJMF
357,https://youtu.be/G1A725NNZUg
358,https://youtu.be/PobrSpMwKk4
359,https://bit.ly/2AqiaH7
360,https://bit.ly/2Bm8Fcx
361,https://bit.ly/2U1wRHI
362,https://bit.ly/3cnYjFN
363,http://youtu.be/bCgLa25fDHM
364,https://bit.ly/2MxPWND
365,https://bit.ly/SolidaritiAfroAsia1
366,http://bit.ly/a4bl-GeorgeFloyd
367,http://bit.ly/JuneteenthBlackout
368,https://bit.ly/36PYFDY
369,https://bit.ly/3eDC14o
370,https://buff.ly/2Asv0og
371,http://bit.ly/protestbailfunds
372,https://buff.ly/2U0FZME
373,https://bit.ly/2U7sCKN
374,https://bit.ly/2MtRUhI
375,https://buff.ly/2MtiA24
376,https://bit.ly/3drgPOV
377,https://youtu.be/c_ESh81zaFs
378,https://youtu.be/7vze_nH6Q7s
379,http://ow.ly/PkcI30qMlea
380,http://ow.ly/HxoF50zVHjZ
381,https://bit.ly/2XVprHa
382,https://bit.ly/2Y0NaFG
383,https://bit.ly/2yXf5Oi
384,http://bit.ly/GSA_BLM
385,https://bit.ly/3cxgAQY
386,http://but.ly/RJ4BLACKLIVES
387,https://buff.ly/3dum9kr
388,https://youtu.be/aOBwXOgIIb8
389,https://bit.ly/2MnfXim
390,https://youtu.be/PAGYrhYzzTg
391,https://bit.ly/londonhartwork
392,https://youtu.be/q_qB6SsErpA
393,https://youtu.be/xHCSlR3g1Yg
394,https://bit.ly/UNA_Statement
395,https://bit.ly/DefundPoliceNY
396,http://ow.ly/xgrn50zY37X
397,http://bit.ly/3cvpe2y
398,http://bit.ly/302IXnw
399,http://bit.ly/3eJJXRG
400,https://bit.ly/2XtaAEy
401,https://youtu.be/5XmOV3EJ5b4
402,https://bit.ly/3049JvV
403,https://youtu.be/EUeuZ5xYDBQ
404,https://buff.ly/3dw9kpR
405,https://youtu.be/zTKjwisdARU
406,http://ow.ly/rXdG50zXXcO
407,https://youtu.be/Xwgxs2XQrJ4
408,http://ow.ly/h04E50zXTxl
409,https://bit.ly/2U7xC1L
410,https://bit.ly/NAACPDefense
411,https://bit.ly/373qrx2
412,https://bit.ly/2Mt8iPq
413,https://bit.ly/36U2LuK
414,https://bit.ly/2MmH7WE
415,https://bit.ly/2XYaiEJ
416,https://bit.ly/305cdtU
417,https://bit.ly/2XUqtDi
418,http://bit.ly/BMDBLM
419,https://bit.ly/3eQbO2v
420,https://bit.ly/2Xs8vJ6
421,http://ow.ly/F9L350zXKYH
422,https://youtu.be/4nEisxXSrXA
423,https://bit.ly/3cwAdZz
424,https://youtu.be/gC2sQxk-2i8
425,http://bit.ly/2AAclqN
426,https://bit.ly/2XwvbrT
427,http://ow.ly/wFjC50zXIvW
428,https://bit.ly/2XSsJe6
429,https://bit.ly/3dvrTdY
430,https://bit.ly/2MsbCuu
431,http://ow.ly/JI5X50zXDsM
432,https://youtu.be/upiJnjJSerw
433,https://bit.ly/3762fKx
434,https://bit.ly/2AAclqN
435,https://bit.ly/wordfortheday
436,https://bit.ly/3chdAs0
437,https://bit.ly/3gPadvT
438,http://ow.ly/gu5P50zVqoQ
439,http://ow.ly/5Jpf50zXnmJ
440,http://buff.ly/2TQkQo8
441,https://bit.ly/2BkTFeP
442,https://youtu.be/agNhEAVWtHY
443,https://bit.ly/3eIySQU
444,https://bit.ly/2AvtAcG
445,https://bit.ly/2AB2nFm
446,https://bit.ly/3du7i9U
447,https://hubs.ly/H0r31XG0
448,https://bit.ly/36X9DHG&gt
449,https://bit.ly/2U2HY39&gt
450,https://bit.ly/2U5mXVp&gt
451,https://bit.ly/3eNwJ6D&gt
452,https://bit.ly/3gNWeq3
453,https://bit.ly/2U0t1OU
454,https://bit.ly/2Mx9Uba
455,https://bit.ly/2z42Ory
456,https://youtu.be/77BmmJaRhd0
457,https://bit.ly/3eTt1YS
458,https://bit.ly/3cw5tI5
459,https://bit.ly/3eTfyjM
460,https://youtu.be/x_S_AwNmH30
461,https://bit.ly/2XvTsOK
462,http://ow.ly/IRPG30qMI70
463,http://youtu.be/P06Yh9ODkPw
464,http://bit.ly/EJIDonation
465,https://youtu.be/9ckv6-yhnIY
466,https://youtu.be/b1pYW4Bq2CA
467,https://bit.ly/37398Mg
468,https://bit.ly/3eRm0YU
469,https://bit.ly/2zQKcf7
470,http://ow.ly/cELN50zZa7R
471,http://bit.ly/2XyJbBu
472,https://youtu.be/kgPDAXjBCco
473,https://bit.ly/30b3FBM
474,https://bit.ly/2A2I6Zp
475,https://bit.ly/2XyqvBS
476,https://youtu.be/WecnYNvHdpY
477,http://ow.ly/zjYq50zYYQ0
478,http://ow.ly/JPhR50zYZGD
479,https://bit.ly/3ePU73a
480,https://bit.ly/377orUw
481,http://ow.ly/Hl4H50zYUwp
482,http://ow.ly/gNMP50zYTlI
483,https://hubs.ly/H0r5xmK0
484,https://bit.ly/2Xy4p2o
485,http://bit.ly/RJ4BLACKLIVES
486,https://bit.ly/2MtU550
487,https://buff.ly/2z302CV
488,http://ow.ly/cDHV50zYOXT
489,https://youtu.be/g1D3fdyU9ZE
490,https://bit.ly/2ACJzG0
491,https://bit.ly/2MuzE8c
492,https://bit.ly/3cqm2oV
493,https://bit.ly/2XZ2mTP
494,https://bit.ly/3eML4jC
495,https://bit.ly/2A0n0Ll
496,https://bit.ly/MidUlsterCondolence
497,https://youtu.be/mlNecOX0ld8
498,http://ow.ly/5EoH50zYB7V
499,https://bit.ly/BPLsupport
500,https://bit.ly/2XScs8Q
501,https://buff.ly/3ePKuli
502,http://ow.ly/yu4a50zYArm
503,http://ow.ly/H6l850zYwSB
504,https://bit.ly/2Zq1qe
505,https://bit.ly/2XZ2EKr
506,https://bit.ly/2zRLDdj
507,https://bit.ly/2Mrn8Gl
508,https://youtu.be/OkjR9hMhcqY
509,https://youtu.be/T5fnFNa69SI
510,http://bit.ly/CommuteTomiekia
511,https://bit.ly/30dxXUm
512,https://youtu.be/WHA_ki1ufbQ
513,http://bit.ly/36X9DHG&gt
514,http://bit.ly/2U5rDdJ
515,https://youtu.be/Rorgjdvphek
516,https://youtu.be/Vn_iBDKm-9w
517,https://youtu.be/XeCbYPYMz9o
518,https://youtu.be/BpunsN5DZ_U
519,https://youtu.be/OrdPeEjn0fU
520,https://youtu.be/99IgHvBfsxI
521,https://youtu.be/slbNdBuQzKw
522,https://bit.ly/3gTBY6j
523,http://bit.ly/2Ljn9LS
524,http://bit.ly/3dPR5vB
525,https://bit.ly/3ctIYDx
526,https://youtu.be/A0_XYICgAD4
527,https://bit.ly/2XXsRZP
528,http://bit.ly/teachhistory
529,https://youtu.be/jYVNT_PxFOk
530,https://youtu.be/mqNZc9Fuzaw
531,https://bit.ly/2XzpdGN
532,https://buff.ly/3eNoSGb
533,https://youtu.be/WkFxTxo5dvw
534,https://buff.ly/304Qpib
535,https://youtu.be/sb9_qGOa9Go
536,https://bit.ly/2UbF8Je
537,http://bit.ly/2A7LYs9
538,https://bit.ly/2XArtNV
539,http://bit.ly/2UaGi7A
540,https://youtu.be/pFnODWMqr2Q
541,https://bit.ly/2Uy0jW7
542,https://bit.ly/2YbgnOr
543,http://spr.ly/6014GGv6q
544,https://buff.ly/2AJGYtG
545,https://bit.ly/2TRlAcD
546,http://bit.ly/LOLPLUTOTV
547,https://bit.ly/3cD9Fpv
548,https://youtu.be/ZLLSjT_x_5Q
549,https://bit.ly/2YcVr9D
550,https://buff.ly/3cjAa3p
551,https://buff.ly/3dlUUIL
552,https://youtu.be/eUQUGEQW-3A
553,https://bit.ly/Subscribe-to-Phil
554,https://bit.ly/2UoHoNg
555,http://ow.ly/zPqu30qNEuf
556,http://youtu.be/AdPTtj7MyJw
557,http://bit.ly/1M4BLM
558,https://youtu.be/xcNIs8Il-5k
559,https://bit.ly/2MJKUxm
560,https://bit.ly/2AOv3ef
561,https://bit.ly/3feBwOm
562,https://bit.ly/2B1bWgY
563,https://bit.ly/3dSvVxd
564,https://bit.ly/37pc9XB
565,https://youtu.be/CVNGau3M5_s
566,https://youtu.be/73DBeuN0ek8
567,https://buff.ly/3dKNj6N
568,https://bit.ly/2XIcGAO
569,https://youtu.be/zIPHwo1StI8
570,https://bit.ly/3cOPKnx
571,https://youtu.be/RyD9CgA3UKI
572,https://bit.ly/2XVv1KD
573,http://bit.ly/2MSPZUe
574,http://ow.ly/SO4G30qOSi8
575,https://bit.ly/mteafo
576,https://youtu.be/gXZH-Sz2Ens
